horizon_ticks,demand_regime,incident_regime,mismatch_regime,action,runs,median_median_absolute_error,median_median_signed_error,median_gain_epsilon_coverage
2,light,blocked_ew,aligned-control,BALANCED,20,0.0,0.0,1.0
2,light,blocked_ew,aligned-control,EW_GREEN,20,0.0,0.0,1.0
2,light,blocked_ew,aligned-control,NS_GREEN,20,0.0,0.0,1.0
2,light,blocked_ew,heterogeneity-omitted,BALANCED,20,0.0,0.0,1.0
2,light,blocked_ew,heterogeneity-omitted,EW_GREEN,20,0.0,0.0,1.0
2,light,blocked_ew,heterogeneity-omitted,NS_GREEN,20,0.0,0.0,1.0
2,light,blocked_ew,rate-and-incident-omitted,BALANCED,20,1.0,1.0,0.6666666666666666
2,light,blocked_ew,rate-and-incident-omitted,EW_GREEN,20,3.0,3.0,0.6666666666666666
2,light,blocked_ew,rate-and-incident-omitted,NS_GREEN,20,0.0,0.0,1.0
2,light,none,aligned-control,BALANCED,20,0.0,0.0,1.0
2,light,none,aligned-control,EW_GREEN,20,0.0,0.0,1.0
2,light,none,aligned-control,NS_GREEN,20,0.0,0.0,1.0
2,light,none,heterogeneity-omitted,BALANCED,20,0.25,0.0,1.0
2,light,none,heterogeneity-omitted,EW_GREEN,20,0.25,-0.125,1.0
2,light,none,heterogeneity-omitted,NS_GREEN,20,0.0,0.0,1.0
2,light,none,rate-and-incident-omitted,BALANCED,20,0.875,0.875,1.0
2,light,none,rate-and-incident-omitted,EW_GREEN,20,1.25,1.25,1.0
2,light,none,rate-and-incident-omitted,NS_GREEN,20,0.5,0.5,1.0
2,peak,blocked_ew,aligned-control,BALANCED,20,0.0,0.0,1.0
2,peak,blocked_ew,aligned-control,EW_GREEN,20,0.0,0.0,1.0
2,peak,blocked_ew,aligned-control,NS_GREEN,20,0.0,0.0,1.0
2,peak,blocked_ew,heterogeneity-omitted,BALANCED,20,1.0,0.0,1.0
2,peak,blocked_ew,heterogeneity-omitted,EW_GREEN,20,0.0,0.0,1.0
2,peak,blocked_ew,heterogeneity-omitted,NS_GREEN,20,0.5,-0.25,1.0
2,peak,blocked_ew,rate-and-incident-omitted,BALANCED,20,3.0,3.0,0.5
2,peak,blocked_ew,rate-and-incident-omitted,EW_GREEN,20,3.0,3.0,0.5
2,peak,blocked_ew,rate-and-incident-omitted,NS_GREEN,20,2.75,2.75,1.0
2,peak,none,aligned-control,BALANCED,20,0.0,0.0,1.0
2,peak,none,aligned-control,EW_GREEN,20,0.0,0.0,1.0
2,peak,none,aligned-control,NS_GREEN,20,0.0,0.0,1.0
2,peak,none,heterogeneity-omitted,BALANCED,20,0.75,-0.125,1.0
2,peak,none,heterogeneity-omitted,EW_GREEN,20,0.25,-0.125,1.0
2,peak,none,heterogeneity-omitted,NS_GREEN,20,0.5,-0.25,1.0
2,peak,none,rate-and-incident-omitted,BALANCED,20,2.375,2.375,1.0
2,peak,none,rate-and-incident-omitted,EW_GREEN,20,1.375,1.375,1.0
2,peak,none,rate-and-incident-omitted,NS_GREEN,20,2.75,2.75,1.0
6,light,blocked_ew,aligned-control,BALANCED,20,0.0,0.0,1.0
6,light,blocked_ew,aligned-control,EW_GREEN,20,0.0,0.0,1.0
6,light,blocked_ew,aligned-control,NS_GREEN,20,0.0,0.0,1.0
6,light,blocked_ew,heterogeneity-omitted,BALANCED,20,0.0,0.0,0.6666666666666666
6,light,blocked_ew,heterogeneity-omitted,EW_GREEN,20,0.0,0.0,1.0
6,light,blocked_ew,heterogeneity-omitted,NS_GREEN,20,0.0,0.0,1.0
6,light,blocked_ew,rate-and-incident-omitted,BALANCED,20,2.0,2.0,0.6666666666666666
6,light,blocked_ew,rate-and-incident-omitted,EW_GREEN,20,4.333333333333333,4.333333333333333,0.6666666666666666
6,light,blocked_ew,rate-and-incident-omitted,NS_GREEN,20,0.0,0.0,1.0
6,light,none,aligned-control,BALANCED,20,0.0,0.0,1.0
6,light,none,aligned-control,EW_GREEN,20,0.0,0.0,1.0
6,light,none,aligned-control,NS_GREEN,20,0.0,0.0,1.0
6,light,none,heterogeneity-omitted,BALANCED,20,0.16666666666666696,0.04166666666666652,0.6666666666666666
6,light,none,heterogeneity-omitted,EW_GREEN,20,0.16666666666666674,-0.04166666666666652,1.0
6,light,none,heterogeneity-omitted,NS_GREEN,20,0.08333333333333304,0.0,1.0
6,light,none,rate-and-incident-omitted,BALANCED,20,1.1249999999999996,1.1249999999999996,0.5
6,light,none,rate-and-incident-omitted,EW_GREEN,20,0.41666666666666685,0.41666666666666685,1.0
6,light,none,rate-and-incident-omitted,NS_GREEN,20,0.16666666666666674,0.16666666666666674,1.0
6,peak,blocked_ew,aligned-control,BALANCED,20,0.0,0.0,1.0
6,peak,blocked_ew,aligned-control,EW_GREEN,20,0.0,0.0,1.0
6,peak,blocked_ew,aligned-control,NS_GREEN,20,0.0,0.0,1.0
6,peak,blocked_ew,heterogeneity-omitted,BALANCED,20,0.9166666666666661,-0.5,0.16666666666666666
6,peak,blocked_ew,heterogeneity-omitted,EW_GREEN,20,0.0,0.0,1.0
6,peak,blocked_ew,heterogeneity-omitted,NS_GREEN,20,0.6666666666666679,-0.5416666666666643,1.0
6,peak,blocked_ew,rate-and-incident-omitted,BALANCED,20,5.999999999999998,5.999999999999998,0.16666666666666666
6,peak,blocked_ew,rate-and-incident-omitted,EW_GREEN,20,7.583333333333333,7.583333333333333,0.3333333333333333
6,peak,blocked_ew,rate-and-incident-omitted,NS_GREEN,20,4.833333333333334,4.833333333333334,1.0
6,peak,none,aligned-control,BALANCED,20,0.0,0.0,1.0
6,peak,none,aligned-control,EW_GREEN,20,0.0,0.0,1.0
6,peak,none,aligned-control,NS_GREEN,20,0.0,0.0,1.0
6,peak,none,heterogeneity-omitted,BALANCED,20,0.9583333333333321,-0.625,0.6666666666666666
6,peak,none,heterogeneity-omitted,EW_GREEN,20,0.4166666666666652,-0.08333333333333304,1.0
6,peak,none,heterogeneity-omitted,NS_GREEN,20,0.9166666666666661,-0.5833333333333339,1.0
6,peak,none,rate-and-incident-omitted,BALANCED,20,5.250000000000001,5.250000000000001,0.6666666666666666
6,peak,none,rate-and-incident-omitted,EW_GREEN,20,1.208333333333333,1.208333333333333,1.0
6,peak,none,rate-and-incident-omitted,NS_GREEN,20,5.375,5.375,1.0
20,light,blocked_ew,aligned-control,BALANCED,20,0.0,0.0,1.0
20,light,blocked_ew,aligned-control,EW_GREEN,20,0.0,0.0,1.0
20,light,blocked_ew,aligned-control,NS_GREEN,20,0.0,0.0,1.0
20,light,blocked_ew,heterogeneity-omitted,BALANCED,20,0.0,0.0,1.0
20,light,blocked_ew,heterogeneity-omitted,EW_GREEN,20,0.0,0.0,1.0
20,light,blocked_ew,heterogeneity-omitted,NS_GREEN,20,0.0,0.0,1.0
20,light,blocked_ew,rate-and-incident-omitted,BALANCED,20,3.5374999999999996,3.5374999999999996,0.6666666666666666
20,light,blocked_ew,rate-and-incident-omitted,EW_GREEN,20,5.525,5.525,0.6666666666666666
20,light,blocked_ew,rate-and-incident-omitted,NS_GREEN,20,0.0,0.0,1.0
20,light,none,aligned-control,BALANCED,20,0.0,0.0,1.0
20,light,none,aligned-control,EW_GREEN,20,0.0,0.0,1.0
20,light,none,aligned-control,NS_GREEN,20,0.0,0.0,1.0
20,light,none,heterogeneity-omitted,BALANCED,20,0.16249999999999987,0.02499999999999991,0.3333333333333333
20,light,none,heterogeneity-omitted,EW_GREEN,20,0.0500000000000001,-0.012499999999999734,1.0
20,light,none,heterogeneity-omitted,NS_GREEN,20,0.0,0.0,1.0
20,light,none,rate-and-incident-omitted,BALANCED,20,0.6249999999999996,0.6249999999999996,0.0
20,light,none,rate-and-incident-omitted,EW_GREEN,20,0.125,0.125,1.0
20,light,none,rate-and-incident-omitted,NS_GREEN,20,0.04999999999999982,0.04999999999999982,1.0
20,peak,blocked_ew,aligned-control,BALANCED,20,0.0,0.0,1.0
20,peak,blocked_ew,aligned-control,EW_GREEN,20,0.0,0.0,1.0
20,peak,blocked_ew,aligned-control,NS_GREEN,20,0.0,0.0,1.0
20,peak,blocked_ew,heterogeneity-omitted,BALANCED,20,0.625,-0.3874999999999984,0.6666666666666666
20,peak,blocked_ew,heterogeneity-omitted,EW_GREEN,20,0.0,0.0,1.0
20,peak,blocked_ew,heterogeneity-omitted,NS_GREEN,20,0.7000000000000002,-0.5,1.0
20,peak,blocked_ew,rate-and-incident-omitted,BALANCED,20,12.65,12.65,0.0
20,peak,blocked_ew,rate-and-incident-omitted,EW_GREEN,20,12.274999999999997,12.274999999999997,0.3333333333333333
20,peak,blocked_ew,rate-and-incident-omitted,NS_GREEN,20,5.175000000000001,5.175000000000001,1.0
20,peak,none,aligned-control,BALANCED,20,0.0,0.0,1.0
20,peak,none,aligned-control,EW_GREEN,20,0.0,0.0,1.0
20,peak,none,aligned-control,NS_GREEN,20,0.0,0.0,1.0
20,peak,none,heterogeneity-omitted,BALANCED,20,0.9374999999999991,-0.6125000000000007,0.6666666666666666
20,peak,none,heterogeneity-omitted,EW_GREEN,20,0.125,-0.025000000000000355,1.0
20,peak,none,heterogeneity-omitted,NS_GREEN,20,0.9875000000000007,-0.5,1.0
20,peak,none,rate-and-incident-omitted,BALANCED,20,9.587499999999999,9.587499999999999,0.3333333333333333
20,peak,none,rate-and-incident-omitted,EW_GREEN,20,0.36249999999999893,0.36249999999999893,1.0
20,peak,none,rate-and-incident-omitted,NS_GREEN,20,7.125000000000002,7.125000000000002,1.0
