horizon_ticks,demand_regime,incident_regime,mismatch_regime,runs,median_selected_epsilon_coverage,median_selected_epsilon_coverage_ci_low,median_selected_epsilon_coverage_ci_high,median_gate_rate,median_gate_rate_ci_low,median_gate_rate_ci_high,median_precision,median_precision_ci_low,median_precision_ci_high,median_false_positive_rate,median_false_positive_rate_ci_low,median_false_positive_rate_ci_high,median_false_negative_rate,median_false_negative_rate_ci_low,median_false_negative_rate_ci_high,median_abstention_rate,median_abstention_rate_ci_low,median_abstention_rate_ci_high,median_full_ranking_agreement,median_full_ranking_agreement_ci_low,median_full_ranking_agreement_ci_high,median_regret_sign_agreement,median_regret_sign_agreement_ci_low,median_regret_sign_agreement_ci_high,median_mean_choice_value_loss,median_mean_choice_value_loss_ci_low,median_mean_choice_value_loss_ci_high,gate_supported
2,light,blocked_ew,aligned-control,20,1.0,1.0,1.0,0.5,0.3333333333333333,0.6666666666666666,1.0,1.0,1.0,0.0,0.0,0.0,0.0,0.0,0.0,0.5,0.3333333333333333,0.6666666666666666,1.0,1.0,1.0,1.0,1.0,1.0,0.16666666666666666,0.16666666666666666,0.16666666666666666,True
2,light,blocked_ew,heterogeneity-omitted,20,1.0,0.6666666666666666,1.0,0.5,0.3333333333333333,0.6666666666666666,1.0,1.0,1.0,0.0,0.0,0.0,0.0,0.0,0.0,0.5,0.3333333333333333,0.6666666666666666,1.0,1.0,1.0,1.0,1.0,1.0,0.25,0.16666666666666666,0.25,True
2,light,blocked_ew,rate-and-incident-omitted,20,0.6666666666666666,0.6666666666666666,0.6666666666666666,0.5,0.3333333333333333,0.6666666666666666,0.0,0.0,0.5,1.0,0.5,1.0,1.0,0.5,1.0,0.5,0.3333333333333333,0.6666666666666666,0.0,0.0,0.0,0.5,0.3333333333333333,0.6666666666666666,0.625,0.45833333333333337,0.7916666666666667,False
2,light,none,aligned-control,20,1.0,1.0,1.0,0.3333333333333333,0.3333333333333333,0.3333333333333333,1.0,1.0,1.0,0.0,0.0,0.0,0.0,0.0,0.0,0.6666666666666666,0.6666666666666666,0.6666666666666666,1.0,1.0,1.0,1.0,1.0,1.0,0.25,0.16666666666666666,0.3333333333333333,True
2,light,none,heterogeneity-omitted,20,1.0,0.8333333333333333,1.0,0.3333333333333333,0.0,0.3333333333333333,1.0,1.0,1.0,0.0,0.0,0.0,0.0,0.0,0.5,0.6666666666666666,0.6666666666666666,1.0,0.6666666666666666,0.6666666666666666,0.6666666666666666,0.6666666666666666,0.6666666666666666,1.0,0.3333333333333333,0.125,0.4166666666666667,True
2,light,none,rate-and-incident-omitted,20,1.0,0.6666666666666666,1.0,0.3333333333333333,0.0,0.3333333333333333,1.0,1.0,1.0,0.0,0.0,0.0,0.0,0.0,1.0,0.6666666666666666,0.6666666666666666,1.0,0.6666666666666666,0.3333333333333333,0.6666666666666666,0.6666666666666666,0.3333333333333333,0.6666666666666666,0.375,0.16666666666666666,0.5416666666666667,True
2,peak,blocked_ew,aligned-control,20,1.0,1.0,1.0,0.0,0.0,0.16666666666666666,1.0,1.0,1.0,0.0,0.0,0.0,0.0,0.0,0.0,1.0,0.8333333333333333,1.0,1.0,1.0,1.0,1.0,1.0,1.0,0.8333333333333334,0.5,0.8333333333333334,False
2,peak,blocked_ew,heterogeneity-omitted,20,1.0,0.6666666666666666,1.0,0.0,0.0,0.16666666666666666,1.0,1.0,1.0,0.0,0.0,0.0,0.0,0.0,0.0,1.0,0.8333333333333333,1.0,1.0,1.0,1.0,1.0,1.0,1.0,0.75,0.5833333333333334,0.8333333333333334,False
2,peak,blocked_ew,rate-and-incident-omitted,20,0.5,0.0,0.6666666666666666,0.3333333333333333,0.3333333333333333,0.5,0.0,0.0,0.25,0.3333333333333333,0.3333333333333333,0.41666666666666663,0.0,0.0,0.0,0.6666666666666666,0.5,0.6666666666666666,0.6666666666666666,0.6666666666666666,0.6666666666666666,0.0,0.0,0.16666666666666666,1.1666666666666667,0.9166666666666666,1.3333333333333333,False
2,peak,none,aligned-control,20,1.0,1.0,1.0,0.0,0.0,0.0,1.0,1.0,1.0,0.0,0.0,0.0,0.0,0.0,0.0,1.0,1.0,1.0,1.0,1.0,1.0,1.0,1.0,1.0,0.3333333333333333,0.3333333333333333,0.5,False
2,peak,none,heterogeneity-omitted,20,1.0,1.0,1.0,0.0,0.0,0.0,1.0,1.0,1.0,0.0,0.0,0.0,0.0,0.0,1.0,1.0,1.0,1.0,1.0,0.6666666666666666,1.0,1.0,0.3333333333333333,1.0,0.5,0.29166666666666663,0.5833333333333334,False
2,peak,none,rate-and-incident-omitted,20,1.0,1.0,1.0,0.0,0.0,0.0,1.0,1.0,1.0,0.0,0.0,0.0,0.0,0.0,1.0,1.0,1.0,1.0,1.0,0.6666666666666666,1.0,0.0,0.0,0.0,0.5,0.29166666666666663,0.5833333333333334,False
6,light,blocked_ew,aligned-control,20,1.0,1.0,1.0,0.5,0.3333333333333333,0.6666666666666666,1.0,1.0,1.0,0.0,0.0,0.0,0.0,0.0,0.0,0.5,0.3333333333333333,0.6666666666666666,1.0,1.0,1.0,1.0,1.0,1.0,0.6666666666666666,0.6666666666666666,0.6666666666666666,True
6,light,blocked_ew,heterogeneity-omitted,20,0.6666666666666666,0.6666666666666666,1.0,0.5,0.3333333333333333,0.6666666666666666,1.0,1.0,1.0,0.0,0.0,0.0,0.0,0.0,0.0,0.5,0.3333333333333333,0.6666666666666666,1.0,1.0,1.0,1.0,1.0,1.0,0.7777777777777781,0.7222222222222217,0.833333333333333,True
6,light,blocked_ew,rate-and-incident-omitted,20,0.6666666666666666,0.6666666666666666,0.6666666666666666,0.16666666666666666,0.0,0.3333333333333333,1.0,0.0,1.0,0.0,0.0,0.0,1.0,0.5,1.0,0.8333333333333333,0.6666666666666666,1.0,0.3333333333333333,0.3333333333333333,0.3333333333333333,0.5,0.3333333333333333,0.6666666666666666,0.861111111111111,0.7777777777777783,0.9444444444444441,True
6,light,none,aligned-control,20,1.0,1.0,1.0,0.3333333333333333,0.16666666666666666,0.3333333333333333,1.0,1.0,1.0,0.0,0.0,0.0,0.0,0.0,0.0,0.6666666666666666,0.6666666666666666,0.8333333333333333,1.0,1.0,1.0,1.0,1.0,1.0,0.9722222222222225,0.6666666666666669,1.6111111111111114,True
6,light,none,heterogeneity-omitted,20,0.6666666666666666,0.3333333333333333,0.6666666666666666,0.3333333333333333,0.0,0.3333333333333333,1.0,1.0,1.0,0.0,0.0,0.0,0.0,0.0,0.0,0.6666666666666666,0.6666666666666666,1.0,1.0,1.0,1.0,1.0,1.0,1.0,1.0694444444444442,0.7916666666666667,1.6527777777777781,True
6,light,none,rate-and-incident-omitted,20,0.5,0.3333333333333333,0.6666666666666666,0.3333333333333333,0.16666666666666666,0.3333333333333333,1.0,1.0,1.0,0.0,0.0,0.0,0.0,0.0,0.0,0.6666666666666666,0.6666666666666666,0.8333333333333333,1.0,0.6666666666666666,1.0,0.6666666666666666,0.5,0.6666666666666666,1.0694444444444442,0.8333333333333335,1.6527777777777781,True
6,peak,blocked_ew,aligned-control,20,1.0,1.0,1.0,0.0,0.0,0.16666666666666666,1.0,1.0,1.0,0.0,0.0,0.0,0.0,0.0,0.0,1.0,0.8333333333333333,1.0,1.0,1.0,1.0,1.0,1.0,1.0,2.0,1.6666666666666663,2.0,False
6,peak,blocked_ew,heterogeneity-omitted,20,0.3333333333333333,0.0,1.0,0.0,0.0,0.16666666666666666,1.0,1.0,1.0,0.0,0.0,0.0,0.0,0.0,0.0,1.0,0.6666666666666666,1.0,1.0,1.0,1.0,1.0,1.0,1.0,1.9166666666666674,1.6111111111111107,2.1666666666666687,False
6,peak,blocked_ew,rate-and-incident-omitted,20,0.16666666666666666,0.0,0.3333333333333333,0.3333333333333333,0.0,0.5,0.0,0.0,0.5,0.3333333333333333,0.0,0.41666666666666663,0.0,0.0,0.0,0.6666666666666666,0.5,1.0,0.6666666666666666,0.3333333333333333,0.8333333333333333,0.0,0.0,0.16666666666666666,2.3472222222222228,2.0555555555555554,3.1527777777777777,False
6,peak,none,aligned-control,20,1.0,1.0,1.0,0.0,0.0,0.0,1.0,1.0,1.0,0.0,0.0,0.0,0.0,0.0,0.0,1.0,1.0,1.0,1.0,1.0,1.0,1.0,1.0,1.0,0.8888888888888891,0.8888888888888881,0.9444444444444438,False
6,peak,none,heterogeneity-omitted,20,0.6666666666666666,0.0,1.0,0.0,0.0,0.0,1.0,1.0,1.0,0.0,0.0,0.0,0.0,0.0,0.0,1.0,1.0,1.0,1.0,1.0,1.0,1.0,1.0,1.0,1.0000000000000002,0.8472222222222214,1.0972222222222219,False
6,peak,none,rate-and-incident-omitted,20,0.6666666666666666,0.6666666666666666,1.0,0.16666666666666666,0.0,0.3333333333333333,0.0,0.0,0.0,0.0,0.0,0.3333333333333333,0.0,0.0,0.0,0.8333333333333333,0.6666666666666666,1.0,0.8333333333333333,0.6666666666666666,1.0,0.0,0.0,0.0,1.0694444444444442,0.8472222222222212,1.1250000000000004,False
20,light,blocked_ew,aligned-control,20,1.0,1.0,1.0,0.6666666666666666,0.6666666666666666,0.6666666666666666,1.0,1.0,1.0,0.0,0.0,0.0,0.0,0.0,0.0,0.3333333333333333,0.3333333333333333,0.3333333333333333,1.0,1.0,1.0,1.0,1.0,1.0,0.275,0.14999999999999977,0.3416666666666668,True
20,light,blocked_ew,heterogeneity-omitted,20,1.0,0.6666666666666666,1.0,0.6666666666666666,0.6666666666666666,0.6666666666666666,1.0,1.0,1.0,0.0,0.0,0.0,0.0,0.0,0.0,0.3333333333333333,0.3333333333333333,0.3333333333333333,1.0,1.0,1.0,1.0,1.0,1.0,0.2583333333333334,0.14999999999999977,0.35000000000000026,True
20,light,blocked_ew,rate-and-incident-omitted,20,0.6666666666666666,0.6666666666666666,0.6666666666666666,0.6666666666666666,0.5,0.6666666666666666,0.41666666666666663,0.0,0.5,1.0,1.0,1.0,0.5,0.5,1.0,0.3333333333333333,0.3333333333333333,0.5,0.0,0.0,0.0,0.6666666666666666,0.6666666666666666,0.6666666666666666,0.5333333333333332,0.40000000000000036,0.6416666666666672,False
20,light,none,aligned-control,20,1.0,1.0,1.0,0.6666666666666666,0.6666666666666666,0.6666666666666666,1.0,1.0,1.0,0.0,0.0,0.0,0.0,0.0,0.0,0.3333333333333333,0.3333333333333333,0.3333333333333333,1.0,1.0,1.0,1.0,1.0,1.0,0.6083333333333334,0.2666666666666667,1.0083333333333333,True
20,light,none,heterogeneity-omitted,20,0.3333333333333333,0.0,0.3333333333333333,0.6666666666666666,0.3333333333333333,0.6666666666666666,1.0,1.0,1.0,0.0,0.0,0.0,0.0,0.0,0.0,0.3333333333333333,0.3333333333333333,0.6666666666666666,1.0,1.0,1.0,1.0,1.0,1.0,0.6375,0.25416666666666665,1.0958333333333332,True
20,light,none,rate-and-incident-omitted,20,0.0,0.0,0.0,0.6666666666666666,0.6666666666666666,0.6666666666666666,1.0,1.0,1.0,0.0,0.0,0.0,0.0,0.0,0.0,0.3333333333333333,0.3333333333333333,0.3333333333333333,1.0,1.0,1.0,1.0,1.0,1.0,0.6375,0.25416666666666665,1.175,True
20,peak,blocked_ew,aligned-control,20,1.0,1.0,1.0,0.0,0.0,0.16666666666666666,1.0,1.0,1.0,0.0,0.0,0.0,0.0,0.0,0.0,1.0,0.8333333333333333,1.0,1.0,1.0,1.0,1.0,1.0,1.0,4.916666666666667,3.6666666666666665,5.35,False
20,peak,blocked_ew,heterogeneity-omitted,20,0.6666666666666666,0.3333333333333333,0.6666666666666666,0.0,0.0,0.16666666666666666,1.0,1.0,1.0,0.0,0.0,0.0,0.0,0.0,0.0,1.0,0.8333333333333333,1.0,1.0,1.0,1.0,1.0,1.0,1.0,4.233333333333334,3.433333333333333,5.058333333333334,False
20,peak,blocked_ew,rate-and-incident-omitted,20,0.0,0.0,0.16666666666666666,0.6666666666666666,0.6666666666666666,1.0,0.0,0.0,0.16666666666666666,0.6666666666666666,0.6666666666666666,1.0,0.0,0.0,0.0,0.3333333333333333,0.0,0.3333333333333333,0.3333333333333333,0.0,0.3333333333333333,0.0,0.0,0.16666666666666666,4.708333333333334,4.200000000000001,5.158333333333333,False
20,peak,none,aligned-control,20,1.0,1.0,1.0,0.0,0.0,0.0,1.0,1.0,1.0,0.0,0.0,0.0,0.0,0.0,0.0,1.0,1.0,1.0,1.0,1.0,1.0,1.0,1.0,1.0,1.4666666666666672,1.2416666666666671,1.5500000000000007,False
20,peak,none,heterogeneity-omitted,20,0.6666666666666666,0.5,1.0,0.0,0.0,0.0,1.0,1.0,1.0,0.0,0.0,0.0,0.0,0.0,1.0,1.0,1.0,1.0,1.0,1.0,1.0,1.0,1.0,1.0,1.1333333333333342,0.9749999999999996,1.4833333333333332,False
20,peak,none,rate-and-incident-omitted,20,0.3333333333333333,0.0,0.3333333333333333,0.6666666666666666,0.6666666666666666,0.6666666666666666,0.0,0.0,0.5,0.5833333333333333,0.5,0.6666666666666666,0.0,0.0,0.0,0.3333333333333333,0.3333333333333333,0.3333333333333333,0.3333333333333333,0.3333333333333333,0.6666666666666666,0.0,0.0,0.16666666666666666,1.1333333333333342,0.9749999999999996,1.441666666666666,False
