kind,seed,mode,condition,run_id,order,epoch,complete,planned_branches,reported_branches,loss_reason_set,branch_loss_counts
primary,904,async1,timeout,primary-904-async1-timeout,4,2,True,2,2,none,{}
primary,904,async1,timeout,primary-904-async1-timeout,4,3,False,2,0,deadline_expiry,"{""deadline_expiry"": 2}"
primary,904,async1,timeout,primary-904-async1-timeout,4,4,False,2,0,deadline_expiry,"{""deadline_expiry"": 2}"
primary,904,async1,timeout,primary-904-async1-timeout,4,5,False,2,0,deadline_expiry,"{""deadline_expiry"": 2}"
primary,904,async1,timeout,primary-904-async1-timeout,4,6,False,2,0,deadline_expiry,"{""deadline_expiry"": 2}"
primary,904,async1,timeout,primary-904-async1-timeout,4,7,False,2,0,queue_admission_failure,"{""queue_admission_failure"": 2}"
primary,904,async1,timeout,primary-904-async1-timeout,4,8,False,2,0,deadline_expiry,"{""deadline_expiry"": 2}"
primary,904,async1,timeout,primary-904-async1-timeout,4,9,False,2,0,deadline_expiry,"{""deadline_expiry"": 2}"
primary,904,async1,timeout,primary-904-async1-timeout,4,10,False,2,0,queue_admission_failure,"{""queue_admission_failure"": 2}"
primary,904,async1,timeout,primary-904-async1-timeout,4,11,False,2,0,queue_admission_failure,"{""queue_admission_failure"": 2}"
primary,903,async1,timeout,primary-903-async1-timeout,6,2,False,2,1,deadline_expiry,"{""deadline_expiry"": 1}"
primary,903,async1,timeout,primary-903-async1-timeout,6,3,False,2,0,deadline_expiry,"{""deadline_expiry"": 2}"
primary,903,async1,timeout,primary-903-async1-timeout,6,4,False,2,0,deadline_expiry,"{""deadline_expiry"": 2}"
primary,903,async1,timeout,primary-903-async1-timeout,6,5,False,2,0,deadline_expiry,"{""deadline_expiry"": 2}"
primary,903,async1,timeout,primary-903-async1-timeout,6,6,False,2,0,deadline_expiry,"{""deadline_expiry"": 2}"
primary,903,async1,timeout,primary-903-async1-timeout,6,7,False,2,0,queue_admission_failure,"{""queue_admission_failure"": 2}"
primary,903,async1,timeout,primary-903-async1-timeout,6,8,False,2,0,queue_admission_failure,"{""queue_admission_failure"": 2}"
primary,903,async1,timeout,primary-903-async1-timeout,6,9,False,2,0,deadline_expiry,"{""deadline_expiry"": 2}"
primary,903,async1,timeout,primary-903-async1-timeout,6,10,False,2,0,deadline_expiry,"{""deadline_expiry"": 2}"
primary,903,async1,timeout,primary-903-async1-timeout,6,11,False,2,0,queue_admission_failure,"{""queue_admission_failure"": 2}"
primary,902,async1,saturation,primary-902-async1-saturation,7,2,False,2,0,queue_admission_failure,"{""queue_admission_failure"": 2}"
primary,902,async1,saturation,primary-902-async1-saturation,7,3,False,2,0,queue_admission_failure,"{""queue_admission_failure"": 2}"
primary,902,async1,saturation,primary-902-async1-saturation,7,4,False,2,0,queue_admission_failure,"{""queue_admission_failure"": 2}"
primary,902,async1,saturation,primary-902-async1-saturation,7,5,False,2,0,queue_admission_failure,"{""queue_admission_failure"": 2}"
primary,902,async1,saturation,primary-902-async1-saturation,7,6,False,2,0,queue_admission_failure,"{""queue_admission_failure"": 2}"
primary,902,async1,saturation,primary-902-async1-saturation,7,7,True,2,2,none,{}
primary,902,async1,saturation,primary-902-async1-saturation,7,8,False,2,0,queue_admission_failure,"{""queue_admission_failure"": 2}"
primary,902,async1,saturation,primary-902-async1-saturation,7,9,False,2,0,queue_admission_failure,"{""queue_admission_failure"": 2}"
primary,902,async1,saturation,primary-902-async1-saturation,7,10,False,2,0,queue_admission_failure,"{""queue_admission_failure"": 2}"
primary,902,async1,saturation,primary-902-async1-saturation,7,11,False,2,0,queue_admission_failure,"{""queue_admission_failure"": 2}"
primary,903,async1,saturation,primary-903-async1-saturation,8,2,False,2,0,queue_admission_failure,"{""queue_admission_failure"": 2}"
primary,903,async1,saturation,primary-903-async1-saturation,8,3,False,2,0,queue_admission_failure,"{""queue_admission_failure"": 2}"
primary,903,async1,saturation,primary-903-async1-saturation,8,4,False,2,0,queue_admission_failure,"{""queue_admission_failure"": 2}"
primary,903,async1,saturation,primary-903-async1-saturation,8,5,False,2,0,queue_admission_failure,"{""queue_admission_failure"": 2}"
primary,903,async1,saturation,primary-903-async1-saturation,8,6,False,2,0,queue_admission_failure,"{""queue_admission_failure"": 2}"
primary,903,async1,saturation,primary-903-async1-saturation,8,7,True,2,2,none,{}
primary,903,async1,saturation,primary-903-async1-saturation,8,8,False,2,0,queue_admission_failure,"{""queue_admission_failure"": 2}"
primary,903,async1,saturation,primary-903-async1-saturation,8,9,False,2,0,queue_admission_failure,"{""queue_admission_failure"": 2}"
primary,903,async1,saturation,primary-903-async1-saturation,8,10,False,2,0,queue_admission_failure,"{""queue_admission_failure"": 2}"
primary,903,async1,saturation,primary-903-async1-saturation,8,11,False,2,0,queue_admission_failure,"{""queue_admission_failure"": 2}"
primary,902,async2,crash,primary-902-async2-crash,10,2,False,3,0,deadline_expiry,"{""deadline_expiry"": 3}"
primary,902,async2,crash,primary-902-async2-crash,10,3,False,3,0,deadline_expiry,"{""deadline_expiry"": 3}"
primary,902,async2,crash,primary-902-async2-crash,10,4,False,3,0,queue_admission_failure,"{""queue_admission_failure"": 3}"
primary,902,async2,crash,primary-902-async2-crash,10,5,False,3,0,deadline_expiry,"{""deadline_expiry"": 3}"
primary,902,async2,crash,primary-902-async2-crash,10,6,False,3,0,queue_admission_failure,"{""queue_admission_failure"": 3}"
primary,902,async2,crash,primary-902-async2-crash,10,7,False,3,0,queue_admission_failure,"{""queue_admission_failure"": 3}"
primary,902,async2,crash,primary-902-async2-crash,10,8,False,3,0,queue_admission_failure,"{""queue_admission_failure"": 3}"
primary,902,async2,crash,primary-902-async2-crash,10,9,False,3,0,deadline_expiry,"{""deadline_expiry"": 3}"
primary,902,async2,crash,primary-902-async2-crash,10,10,False,3,0,queue_admission_failure,"{""queue_admission_failure"": 3}"
primary,902,async2,crash,primary-902-async2-crash,10,11,False,3,0,queue_admission_failure,"{""queue_admission_failure"": 3}"
primary,905,async1,normal,primary-905-async1-normal,11,2,False,2,1,deadline_expiry,"{""deadline_expiry"": 1}"
primary,905,async1,normal,primary-905-async1-normal,11,3,False,2,0,deadline_expiry,"{""deadline_expiry"": 2}"
primary,905,async1,normal,primary-905-async1-normal,11,4,False,2,0,deadline_expiry,"{""deadline_expiry"": 2}"
primary,905,async1,normal,primary-905-async1-normal,11,5,False,2,0,deadline_expiry,"{""deadline_expiry"": 2}"
primary,905,async1,normal,primary-905-async1-normal,11,6,False,2,0,deadline_expiry,"{""deadline_expiry"": 2}"
primary,905,async1,normal,primary-905-async1-normal,11,7,False,2,0,queue_admission_failure,"{""queue_admission_failure"": 2}"
primary,905,async1,normal,primary-905-async1-normal,11,8,False,2,0,queue_admission_failure,"{""queue_admission_failure"": 2}"
primary,905,async1,normal,primary-905-async1-normal,11,9,False,2,0,deadline_expiry,"{""deadline_expiry"": 2}"
primary,905,async1,normal,primary-905-async1-normal,11,10,False,2,0,deadline_expiry,"{""deadline_expiry"": 2}"
primary,905,async1,normal,primary-905-async1-normal,11,11,False,2,0,queue_admission_failure,"{""queue_admission_failure"": 2}"
primary,905,async1,moderate,primary-905-async1-moderate,12,2,False,2,0,deadline_expiry,"{""deadline_expiry"": 2}"
primary,905,async1,moderate,primary-905-async1-moderate,12,3,False,2,0,deadline_expiry,"{""deadline_expiry"": 2}"
primary,905,async1,moderate,primary-905-async1-moderate,12,4,False,2,0,deadline_expiry,"{""deadline_expiry"": 2}"
primary,905,async1,moderate,primary-905-async1-moderate,12,5,False,2,0,deadline_expiry,"{""deadline_expiry"": 2}"
primary,905,async1,moderate,primary-905-async1-moderate,12,6,False,2,0,deadline_expiry,"{""deadline_expiry"": 2}"
primary,905,async1,moderate,primary-905-async1-moderate,12,7,False,2,0,queue_admission_failure,"{""queue_admission_failure"": 2}"
primary,905,async1,moderate,primary-905-async1-moderate,12,8,False,2,0,queue_admission_failure,"{""queue_admission_failure"": 2}"
primary,905,async1,moderate,primary-905-async1-moderate,12,9,False,2,0,queue_admission_failure,"{""queue_admission_failure"": 2}"
primary,905,async1,moderate,primary-905-async1-moderate,12,10,False,2,0,deadline_expiry,"{""deadline_expiry"": 2}"
primary,905,async1,moderate,primary-905-async1-moderate,12,11,False,2,0,deadline_expiry,"{""deadline_expiry"": 2}"
primary,903,async1,normal,primary-903-async1-normal,23,2,True,2,2,none,{}
primary,903,async1,normal,primary-903-async1-normal,23,3,False,2,0,deadline_expiry,"{""deadline_expiry"": 2}"
primary,903,async1,normal,primary-903-async1-normal,23,4,False,2,0,deadline_expiry,"{""deadline_expiry"": 2}"
primary,903,async1,normal,primary-903-async1-normal,23,5,False,2,0,deadline_expiry,"{""deadline_expiry"": 2}"
primary,903,async1,normal,primary-903-async1-normal,23,6,False,2,0,deadline_expiry,"{""deadline_expiry"": 2}"
primary,903,async1,normal,primary-903-async1-normal,23,7,False,2,0,queue_admission_failure,"{""queue_admission_failure"": 2}"
primary,903,async1,normal,primary-903-async1-normal,23,8,False,2,0,queue_admission_failure,"{""queue_admission_failure"": 2}"
primary,903,async1,normal,primary-903-async1-normal,23,9,False,2,0,deadline_expiry,"{""deadline_expiry"": 2}"
primary,903,async1,normal,primary-903-async1-normal,23,10,False,2,0,deadline_expiry,"{""deadline_expiry"": 2}"
primary,903,async1,normal,primary-903-async1-normal,23,11,False,2,0,queue_admission_failure,"{""queue_admission_failure"": 2}"
primary,903,async2,saturation,primary-903-async2-saturation,24,2,False,3,0,queue_admission_failure,"{""queue_admission_failure"": 3}"
primary,903,async2,saturation,primary-903-async2-saturation,24,3,False,3,0,queue_admission_failure,"{""queue_admission_failure"": 3}"
primary,903,async2,saturation,primary-903-async2-saturation,24,4,False,3,0,queue_admission_failure,"{""queue_admission_failure"": 3}"
primary,903,async2,saturation,primary-903-async2-saturation,24,5,False,3,0,queue_admission_failure,"{""queue_admission_failure"": 3}"
primary,903,async2,saturation,primary-903-async2-saturation,24,6,False,3,0,queue_admission_failure,"{""queue_admission_failure"": 3}"
primary,903,async2,saturation,primary-903-async2-saturation,24,7,False,3,0,queue_admission_failure,"{""queue_admission_failure"": 3}"
primary,903,async2,saturation,primary-903-async2-saturation,24,8,True,3,3,none,{}
primary,903,async2,saturation,primary-903-async2-saturation,24,9,False,3,0,queue_admission_failure,"{""queue_admission_failure"": 3}"
primary,903,async2,saturation,primary-903-async2-saturation,24,10,False,3,0,queue_admission_failure,"{""queue_admission_failure"": 3}"
primary,903,async2,saturation,primary-903-async2-saturation,24,11,False,3,0,queue_admission_failure,"{""queue_admission_failure"": 3}"
primary,902,async2,severe,primary-902-async2-severe,26,2,False,3,0,deadline_expiry,"{""deadline_expiry"": 3}"
primary,902,async2,severe,primary-902-async2-severe,26,3,False,3,0,deadline_expiry,"{""deadline_expiry"": 3}"
primary,902,async2,severe,primary-902-async2-severe,26,4,False,3,0,queue_admission_failure,"{""queue_admission_failure"": 3}"
primary,902,async2,severe,primary-902-async2-severe,26,5,False,3,0,queue_admission_failure,"{""queue_admission_failure"": 3}"
primary,902,async2,severe,primary-902-async2-severe,26,6,False,3,0,queue_admission_failure,"{""queue_admission_failure"": 3}"
primary,902,async2,severe,primary-902-async2-severe,26,7,False,3,0,queue_admission_failure,"{""queue_admission_failure"": 3}"
primary,902,async2,severe,primary-902-async2-severe,26,8,False,3,0,deadline_expiry,"{""deadline_expiry"": 3}"
primary,902,async2,severe,primary-902-async2-severe,26,9,False,3,0,queue_admission_failure,"{""queue_admission_failure"": 3}"
primary,902,async2,severe,primary-902-async2-severe,26,10,False,3,0,queue_admission_failure,"{""queue_admission_failure"": 3}"
primary,902,async2,severe,primary-902-async2-severe,26,11,False,3,0,deadline_expiry,"{""deadline_expiry"": 3}"
primary,903,async2,moderate,primary-903-async2-moderate,31,2,False,3,0,deadline_expiry,"{""deadline_expiry"": 3}"
primary,903,async2,moderate,primary-903-async2-moderate,31,3,False,3,0,deadline_expiry,"{""deadline_expiry"": 3}"
primary,903,async2,moderate,primary-903-async2-moderate,31,4,False,3,0,queue_admission_failure,"{""queue_admission_failure"": 3}"
primary,903,async2,moderate,primary-903-async2-moderate,31,5,False,3,0,queue_admission_failure,"{""queue_admission_failure"": 3}"
primary,903,async2,moderate,primary-903-async2-moderate,31,6,False,3,0,queue_admission_failure,"{""queue_admission_failure"": 3}"
primary,903,async2,moderate,primary-903-async2-moderate,31,7,False,3,0,deadline_expiry,"{""deadline_expiry"": 3}"
primary,903,async2,moderate,primary-903-async2-moderate,31,8,False,3,0,queue_admission_failure,"{""queue_admission_failure"": 3}"
primary,903,async2,moderate,primary-903-async2-moderate,31,9,False,3,0,queue_admission_failure,"{""queue_admission_failure"": 3}"
primary,903,async2,moderate,primary-903-async2-moderate,31,10,False,3,0,queue_admission_failure,"{""queue_admission_failure"": 3}"
primary,903,async2,moderate,primary-903-async2-moderate,31,11,False,3,0,deadline_expiry,"{""deadline_expiry"": 3}"
primary,901,async2,moderate,primary-901-async2-moderate,33,2,False,3,0,deadline_expiry,"{""deadline_expiry"": 3}"
primary,901,async2,moderate,primary-901-async2-moderate,33,3,False,3,0,deadline_expiry,"{""deadline_expiry"": 3}"
primary,901,async2,moderate,primary-901-async2-moderate,33,4,False,3,0,queue_admission_failure,"{""queue_admission_failure"": 3}"
primary,901,async2,moderate,primary-901-async2-moderate,33,5,False,3,0,queue_admission_failure,"{""queue_admission_failure"": 3}"
primary,901,async2,moderate,primary-901-async2-moderate,33,6,False,3,0,deadline_expiry,"{""deadline_expiry"": 3}"
primary,901,async2,moderate,primary-901-async2-moderate,33,7,False,3,0,queue_admission_failure,"{""queue_admission_failure"": 3}"
primary,901,async2,moderate,primary-901-async2-moderate,33,8,False,3,0,queue_admission_failure,"{""queue_admission_failure"": 3}"
primary,901,async2,moderate,primary-901-async2-moderate,33,9,False,3,0,queue_admission_failure,"{""queue_admission_failure"": 3}"
primary,901,async2,moderate,primary-901-async2-moderate,33,10,False,3,0,queue_admission_failure,"{""queue_admission_failure"": 3}"
primary,901,async2,moderate,primary-901-async2-moderate,33,11,False,3,0,deadline_expiry,"{""deadline_expiry"": 3}"
primary,904,async1,normal,primary-904-async1-normal,34,2,True,2,2,none,{}
primary,904,async1,normal,primary-904-async1-normal,34,3,False,2,0,deadline_expiry,"{""deadline_expiry"": 2}"
primary,904,async1,normal,primary-904-async1-normal,34,4,False,2,0,deadline_expiry,"{""deadline_expiry"": 2}"
primary,904,async1,normal,primary-904-async1-normal,34,5,False,2,0,deadline_expiry,"{""deadline_expiry"": 2}"
primary,904,async1,normal,primary-904-async1-normal,34,6,False,2,0,deadline_expiry,"{""deadline_expiry"": 2}"
primary,904,async1,normal,primary-904-async1-normal,34,7,False,2,0,queue_admission_failure,"{""queue_admission_failure"": 2}"
primary,904,async1,normal,primary-904-async1-normal,34,8,False,2,0,deadline_expiry,"{""deadline_expiry"": 2}"
primary,904,async1,normal,primary-904-async1-normal,34,9,False,2,0,deadline_expiry,"{""deadline_expiry"": 2}"
primary,904,async1,normal,primary-904-async1-normal,34,10,False,2,0,queue_admission_failure,"{""queue_admission_failure"": 2}"
primary,904,async1,normal,primary-904-async1-normal,34,11,False,2,0,queue_admission_failure,"{""queue_admission_failure"": 2}"
primary,905,async1,saturation,primary-905-async1-saturation,35,2,False,2,0,queue_admission_failure,"{""queue_admission_failure"": 2}"
primary,905,async1,saturation,primary-905-async1-saturation,35,3,False,2,0,queue_admission_failure,"{""queue_admission_failure"": 2}"
primary,905,async1,saturation,primary-905-async1-saturation,35,4,False,2,0,queue_admission_failure,"{""queue_admission_failure"": 2}"
primary,905,async1,saturation,primary-905-async1-saturation,35,5,False,2,0,queue_admission_failure,"{""queue_admission_failure"": 2}"
primary,905,async1,saturation,primary-905-async1-saturation,35,6,False,2,0,queue_admission_failure,"{""queue_admission_failure"": 2}"
primary,905,async1,saturation,primary-905-async1-saturation,35,7,True,2,2,none,{}
primary,905,async1,saturation,primary-905-async1-saturation,35,8,False,2,0,queue_admission_failure,"{""queue_admission_failure"": 2}"
primary,905,async1,saturation,primary-905-async1-saturation,35,9,False,2,0,queue_admission_failure,"{""queue_admission_failure"": 2}"
primary,905,async1,saturation,primary-905-async1-saturation,35,10,False,2,0,queue_admission_failure,"{""queue_admission_failure"": 2}"
primary,905,async1,saturation,primary-905-async1-saturation,35,11,False,2,0,queue_admission_failure,"{""queue_admission_failure"": 2}"
primary,902,async1,timeout,primary-902-async1-timeout,36,2,True,2,2,none,{}
primary,902,async1,timeout,primary-902-async1-timeout,36,3,False,2,0,deadline_expiry,"{""deadline_expiry"": 2}"
primary,902,async1,timeout,primary-902-async1-timeout,36,4,False,2,0,deadline_expiry,"{""deadline_expiry"": 2}"
primary,902,async1,timeout,primary-902-async1-timeout,36,5,False,2,0,deadline_expiry,"{""deadline_expiry"": 2}"
primary,902,async1,timeout,primary-902-async1-timeout,36,6,False,2,0,deadline_expiry,"{""deadline_expiry"": 2}"
primary,902,async1,timeout,primary-902-async1-timeout,36,7,False,2,0,queue_admission_failure,"{""queue_admission_failure"": 2}"
primary,902,async1,timeout,primary-902-async1-timeout,36,8,False,2,0,queue_admission_failure,"{""queue_admission_failure"": 2}"
primary,902,async1,timeout,primary-902-async1-timeout,36,9,False,2,0,deadline_expiry,"{""deadline_expiry"": 2}"
primary,902,async1,timeout,primary-902-async1-timeout,36,10,False,2,0,deadline_expiry,"{""deadline_expiry"": 2}"
primary,902,async1,timeout,primary-902-async1-timeout,36,11,False,2,0,queue_admission_failure,"{""queue_admission_failure"": 2}"
primary,901,async2,timeout,primary-901-async2-timeout,37,2,False,3,0,deadline_expiry,"{""deadline_expiry"": 3}"
primary,901,async2,timeout,primary-901-async2-timeout,37,3,False,3,0,deadline_expiry,"{""deadline_expiry"": 3}"
primary,901,async2,timeout,primary-901-async2-timeout,37,4,False,3,0,queue_admission_failure,"{""queue_admission_failure"": 3}"
primary,901,async2,timeout,primary-901-async2-timeout,37,5,False,3,0,deadline_expiry,"{""deadline_expiry"": 3}"
primary,901,async2,timeout,primary-901-async2-timeout,37,6,False,3,0,queue_admission_failure,"{""queue_admission_failure"": 3}"
primary,901,async2,timeout,primary-901-async2-timeout,37,7,False,3,0,queue_admission_failure,"{""queue_admission_failure"": 3}"
primary,901,async2,timeout,primary-901-async2-timeout,37,8,False,3,0,queue_admission_failure,"{""queue_admission_failure"": 3}"
primary,901,async2,timeout,primary-901-async2-timeout,37,9,False,3,0,deadline_expiry,"{""deadline_expiry"": 3}"
primary,901,async2,timeout,primary-901-async2-timeout,37,10,False,3,0,queue_admission_failure,"{""queue_admission_failure"": 3}"
primary,901,async2,timeout,primary-901-async2-timeout,37,11,False,3,0,queue_admission_failure,"{""queue_admission_failure"": 3}"
primary,902,async2,moderate,primary-902-async2-moderate,39,2,False,3,0,deadline_expiry,"{""deadline_expiry"": 3}"
primary,902,async2,moderate,primary-902-async2-moderate,39,3,False,3,0,deadline_expiry,"{""deadline_expiry"": 3}"
primary,902,async2,moderate,primary-902-async2-moderate,39,4,False,3,0,queue_admission_failure,"{""queue_admission_failure"": 3}"
primary,902,async2,moderate,primary-902-async2-moderate,39,5,False,3,0,queue_admission_failure,"{""queue_admission_failure"": 3}"
primary,902,async2,moderate,primary-902-async2-moderate,39,6,False,3,0,deadline_expiry,"{""deadline_expiry"": 3}"
primary,902,async2,moderate,primary-902-async2-moderate,39,7,False,3,0,queue_admission_failure,"{""queue_admission_failure"": 3}"
primary,902,async2,moderate,primary-902-async2-moderate,39,8,False,3,0,queue_admission_failure,"{""queue_admission_failure"": 3}"
primary,902,async2,moderate,primary-902-async2-moderate,39,9,False,3,0,queue_admission_failure,"{""queue_admission_failure"": 3}"
primary,902,async2,moderate,primary-902-async2-moderate,39,10,False,3,0,deadline_expiry,"{""deadline_expiry"": 3}"
primary,902,async2,moderate,primary-902-async2-moderate,39,11,False,3,0,queue_admission_failure,"{""queue_admission_failure"": 3}"
primary,905,async1,crash,primary-905-async1-crash,50,2,True,2,2,none,{}
primary,905,async1,crash,primary-905-async1-crash,50,3,False,2,0,deadline_expiry,"{""deadline_expiry"": 2}"
primary,905,async1,crash,primary-905-async1-crash,50,4,False,2,0,deadline_expiry,"{""deadline_expiry"": 2}"
primary,905,async1,crash,primary-905-async1-crash,50,5,False,2,0,deadline_expiry,"{""deadline_expiry"": 2}"
primary,905,async1,crash,primary-905-async1-crash,50,6,False,2,0,deadline_expiry,"{""deadline_expiry"": 2}"
primary,905,async1,crash,primary-905-async1-crash,50,7,False,2,0,queue_admission_failure,"{""queue_admission_failure"": 2}"
primary,905,async1,crash,primary-905-async1-crash,50,8,False,2,0,queue_admission_failure,"{""queue_admission_failure"": 2}"
primary,905,async1,crash,primary-905-async1-crash,50,9,False,2,0,deadline_expiry,"{""deadline_expiry"": 2}"
primary,905,async1,crash,primary-905-async1-crash,50,10,False,2,0,deadline_expiry,"{""deadline_expiry"": 2}"
primary,905,async1,crash,primary-905-async1-crash,50,11,False,2,0,queue_admission_failure,"{""queue_admission_failure"": 2}"
primary,902,async2,timeout,primary-902-async2-timeout,53,2,False,3,0,deadline_expiry,"{""deadline_expiry"": 3}"
primary,902,async2,timeout,primary-902-async2-timeout,53,3,False,3,0,deadline_expiry,"{""deadline_expiry"": 3}"
primary,902,async2,timeout,primary-902-async2-timeout,53,4,False,3,0,queue_admission_failure,"{""queue_admission_failure"": 3}"
primary,902,async2,timeout,primary-902-async2-timeout,53,5,False,3,0,deadline_expiry,"{""deadline_expiry"": 3}"
primary,902,async2,timeout,primary-902-async2-timeout,53,6,False,3,0,queue_admission_failure,"{""queue_admission_failure"": 3}"
primary,902,async2,timeout,primary-902-async2-timeout,53,7,False,3,0,queue_admission_failure,"{""queue_admission_failure"": 3}"
primary,902,async2,timeout,primary-902-async2-timeout,53,8,False,3,0,deadline_expiry,"{""deadline_expiry"": 3}"
primary,902,async2,timeout,primary-902-async2-timeout,53,9,False,3,0,queue_admission_failure,"{""queue_admission_failure"": 3}"
primary,902,async2,timeout,primary-902-async2-timeout,53,10,False,3,0,queue_admission_failure,"{""queue_admission_failure"": 3}"
primary,902,async2,timeout,primary-902-async2-timeout,53,11,False,3,0,shutdown,"{""shutdown"": 3}"
primary,903,async1,severe,primary-903-async1-severe,56,2,False,2,0,deadline_expiry,"{""deadline_expiry"": 2}"
primary,903,async1,severe,primary-903-async1-severe,56,3,False,2,0,deadline_expiry,"{""deadline_expiry"": 2}"
primary,903,async1,severe,primary-903-async1-severe,56,4,False,2,0,deadline_expiry,"{""deadline_expiry"": 2}"
primary,903,async1,severe,primary-903-async1-severe,56,5,False,2,0,deadline_expiry,"{""deadline_expiry"": 2}"
primary,903,async1,severe,primary-903-async1-severe,56,6,False,2,0,queue_admission_failure,"{""queue_admission_failure"": 2}"
primary,903,async1,severe,primary-903-async1-severe,56,7,False,2,0,queue_admission_failure,"{""queue_admission_failure"": 2}"
primary,903,async1,severe,primary-903-async1-severe,56,8,False,2,0,deadline_expiry,"{""deadline_expiry"": 2}"
primary,903,async1,severe,primary-903-async1-severe,56,9,False,2,0,queue_admission_failure,"{""queue_admission_failure"": 2}"
primary,903,async1,severe,primary-903-async1-severe,56,10,False,2,0,queue_admission_failure,"{""queue_admission_failure"": 2}"
primary,903,async1,severe,primary-903-async1-severe,56,11,False,2,0,queue_admission_failure,"{""queue_admission_failure"": 2}"
primary,905,async1,severe,primary-905-async1-severe,58,2,False,2,0,deadline_expiry,"{""deadline_expiry"": 2}"
primary,905,async1,severe,primary-905-async1-severe,58,3,False,2,0,deadline_expiry,"{""deadline_expiry"": 2}"
primary,905,async1,severe,primary-905-async1-severe,58,4,False,2,0,deadline_expiry,"{""deadline_expiry"": 2}"
primary,905,async1,severe,primary-905-async1-severe,58,5,False,2,0,deadline_expiry,"{""deadline_expiry"": 2}"
primary,905,async1,severe,primary-905-async1-severe,58,6,False,2,0,queue_admission_failure,"{""queue_admission_failure"": 2}"
primary,905,async1,severe,primary-905-async1-severe,58,7,False,2,0,deadline_expiry,"{""deadline_expiry"": 2}"
primary,905,async1,severe,primary-905-async1-severe,58,8,False,2,0,queue_admission_failure,"{""queue_admission_failure"": 2}"
primary,905,async1,severe,primary-905-async1-severe,58,9,False,2,0,queue_admission_failure,"{""queue_admission_failure"": 2}"
primary,905,async1,severe,primary-905-async1-severe,58,10,False,2,0,queue_admission_failure,"{""queue_admission_failure"": 2}"
primary,905,async1,severe,primary-905-async1-severe,58,11,False,2,0,queue_admission_failure,"{""queue_admission_failure"": 2}"
primary,902,async1,moderate,primary-902-async1-moderate,59,2,False,2,0,deadline_expiry,"{""deadline_expiry"": 2}"
primary,902,async1,moderate,primary-902-async1-moderate,59,3,False,2,0,deadline_expiry,"{""deadline_expiry"": 2}"
primary,902,async1,moderate,primary-902-async1-moderate,59,4,False,2,0,deadline_expiry,"{""deadline_expiry"": 2}"
primary,902,async1,moderate,primary-902-async1-moderate,59,5,False,2,0,deadline_expiry,"{""deadline_expiry"": 2}"
primary,902,async1,moderate,primary-902-async1-moderate,59,6,False,2,0,deadline_expiry,"{""deadline_expiry"": 2}"
primary,902,async1,moderate,primary-902-async1-moderate,59,7,False,2,0,queue_admission_failure,"{""queue_admission_failure"": 2}"
primary,902,async1,moderate,primary-902-async1-moderate,59,8,False,2,0,queue_admission_failure,"{""queue_admission_failure"": 2}"
primary,902,async1,moderate,primary-902-async1-moderate,59,9,False,2,0,queue_admission_failure,"{""queue_admission_failure"": 2}"
primary,902,async1,moderate,primary-902-async1-moderate,59,10,False,2,0,queue_admission_failure,"{""queue_admission_failure"": 2}"
primary,902,async1,moderate,primary-902-async1-moderate,59,11,False,2,0,deadline_expiry,"{""deadline_expiry"": 2}"
primary,901,async1,moderate,primary-901-async1-moderate,65,2,False,2,0,deadline_expiry,"{""deadline_expiry"": 2}"
primary,901,async1,moderate,primary-901-async1-moderate,65,3,False,2,0,deadline_expiry,"{""deadline_expiry"": 2}"
primary,901,async1,moderate,primary-901-async1-moderate,65,4,False,2,0,deadline_expiry,"{""deadline_expiry"": 2}"
primary,901,async1,moderate,primary-901-async1-moderate,65,5,False,2,0,deadline_expiry,"{""deadline_expiry"": 2}"
primary,901,async1,moderate,primary-901-async1-moderate,65,6,False,2,0,deadline_expiry,"{""deadline_expiry"": 2}"
primary,901,async1,moderate,primary-901-async1-moderate,65,7,False,2,0,queue_admission_failure,"{""queue_admission_failure"": 2}"
primary,901,async1,moderate,primary-901-async1-moderate,65,8,False,2,0,queue_admission_failure,"{""queue_admission_failure"": 2}"
primary,901,async1,moderate,primary-901-async1-moderate,65,9,False,2,0,queue_admission_failure,"{""queue_admission_failure"": 2}"
primary,901,async1,moderate,primary-901-async1-moderate,65,10,False,2,0,queue_admission_failure,"{""queue_admission_failure"": 2}"
primary,901,async1,moderate,primary-901-async1-moderate,65,11,False,2,0,deadline_expiry,"{""deadline_expiry"": 2}"
primary,901,async2,severe,primary-901-async2-severe,66,2,False,3,0,deadline_expiry,"{""deadline_expiry"": 3}"
primary,901,async2,severe,primary-901-async2-severe,66,3,False,3,0,deadline_expiry,"{""deadline_expiry"": 3}"
primary,901,async2,severe,primary-901-async2-severe,66,4,False,3,0,queue_admission_failure,"{""queue_admission_failure"": 3}"
primary,901,async2,severe,primary-901-async2-severe,66,5,False,3,0,queue_admission_failure,"{""queue_admission_failure"": 3}"
primary,901,async2,severe,primary-901-async2-severe,66,6,False,3,0,queue_admission_failure,"{""queue_admission_failure"": 3}"
primary,901,async2,severe,primary-901-async2-severe,66,7,False,3,0,queue_admission_failure,"{""queue_admission_failure"": 3}"
primary,901,async2,severe,primary-901-async2-severe,66,8,False,3,0,deadline_expiry,"{""deadline_expiry"": 3}"
primary,901,async2,severe,primary-901-async2-severe,66,9,False,3,0,queue_admission_failure,"{""queue_admission_failure"": 3}"
primary,901,async2,severe,primary-901-async2-severe,66,10,False,3,0,queue_admission_failure,"{""queue_admission_failure"": 3}"
primary,901,async2,severe,primary-901-async2-severe,66,11,False,3,0,deadline_expiry,"{""deadline_expiry"": 3}"
primary,902,async2,saturation,primary-902-async2-saturation,68,2,False,3,0,queue_admission_failure,"{""queue_admission_failure"": 3}"
primary,902,async2,saturation,primary-902-async2-saturation,68,3,False,3,0,queue_admission_failure,"{""queue_admission_failure"": 3}"
primary,902,async2,saturation,primary-902-async2-saturation,68,4,False,3,0,queue_admission_failure,"{""queue_admission_failure"": 3}"
primary,902,async2,saturation,primary-902-async2-saturation,68,5,False,3,0,queue_admission_failure,"{""queue_admission_failure"": 3}"
primary,902,async2,saturation,primary-902-async2-saturation,68,6,False,3,0,queue_admission_failure,"{""queue_admission_failure"": 3}"
primary,902,async2,saturation,primary-902-async2-saturation,68,7,False,3,0,deadline_expiry,"{""deadline_expiry"": 3}"
primary,902,async2,saturation,primary-902-async2-saturation,68,8,False,3,0,queue_admission_failure,"{""queue_admission_failure"": 3}"
primary,902,async2,saturation,primary-902-async2-saturation,68,9,False,3,0,queue_admission_failure,"{""queue_admission_failure"": 3}"
primary,902,async2,saturation,primary-902-async2-saturation,68,10,False,3,0,queue_admission_failure,"{""queue_admission_failure"": 3}"
primary,902,async2,saturation,primary-902-async2-saturation,68,11,False,3,0,queue_admission_failure,"{""queue_admission_failure"": 3}"
primary,905,async2,normal,primary-905-async2-normal,71,2,False,3,0,deadline_expiry,"{""deadline_expiry"": 3}"
primary,905,async2,normal,primary-905-async2-normal,71,3,False,3,0,deadline_expiry,"{""deadline_expiry"": 3}"
primary,905,async2,normal,primary-905-async2-normal,71,4,False,3,0,queue_admission_failure,"{""queue_admission_failure"": 3}"
primary,905,async2,normal,primary-905-async2-normal,71,5,False,3,0,deadline_expiry,"{""deadline_expiry"": 3}"
primary,905,async2,normal,primary-905-async2-normal,71,6,False,3,0,queue_admission_failure,"{""queue_admission_failure"": 3}"
primary,905,async2,normal,primary-905-async2-normal,71,7,False,3,0,queue_admission_failure,"{""queue_admission_failure"": 3}"
primary,905,async2,normal,primary-905-async2-normal,71,8,False,3,0,queue_admission_failure,"{""queue_admission_failure"": 3}"
primary,905,async2,normal,primary-905-async2-normal,71,9,False,3,0,deadline_expiry,"{""deadline_expiry"": 3}"
primary,905,async2,normal,primary-905-async2-normal,71,10,False,3,0,queue_admission_failure,"{""queue_admission_failure"": 3}"
primary,905,async2,normal,primary-905-async2-normal,71,11,False,3,0,queue_admission_failure,"{""queue_admission_failure"": 3}"
primary,901,async1,saturation,primary-901-async1-saturation,72,2,False,2,0,queue_admission_failure,"{""queue_admission_failure"": 2}"
primary,901,async1,saturation,primary-901-async1-saturation,72,3,False,2,0,queue_admission_failure,"{""queue_admission_failure"": 2}"
primary,901,async1,saturation,primary-901-async1-saturation,72,4,False,2,0,queue_admission_failure,"{""queue_admission_failure"": 2}"
primary,901,async1,saturation,primary-901-async1-saturation,72,5,False,2,0,queue_admission_failure,"{""queue_admission_failure"": 2}"
primary,901,async1,saturation,primary-901-async1-saturation,72,6,False,2,0,queue_admission_failure,"{""queue_admission_failure"": 2}"
primary,901,async1,saturation,primary-901-async1-saturation,72,7,True,2,2,none,{}
primary,901,async1,saturation,primary-901-async1-saturation,72,8,False,2,0,queue_admission_failure,"{""queue_admission_failure"": 2}"
primary,901,async1,saturation,primary-901-async1-saturation,72,9,False,2,0,queue_admission_failure,"{""queue_admission_failure"": 2}"
primary,901,async1,saturation,primary-901-async1-saturation,72,10,False,2,0,queue_admission_failure,"{""queue_admission_failure"": 2}"
primary,901,async1,saturation,primary-901-async1-saturation,72,11,False,2,0,queue_admission_failure,"{""queue_admission_failure"": 2}"
primary,903,async1,moderate,primary-903-async1-moderate,73,2,False,2,0,deadline_expiry,"{""deadline_expiry"": 2}"
primary,903,async1,moderate,primary-903-async1-moderate,73,3,False,2,0,deadline_expiry,"{""deadline_expiry"": 2}"
primary,903,async1,moderate,primary-903-async1-moderate,73,4,False,2,0,deadline_expiry,"{""deadline_expiry"": 2}"
primary,903,async1,moderate,primary-903-async1-moderate,73,5,False,2,0,deadline_expiry,"{""deadline_expiry"": 2}"
primary,903,async1,moderate,primary-903-async1-moderate,73,6,False,2,0,deadline_expiry,"{""deadline_expiry"": 2}"
primary,903,async1,moderate,primary-903-async1-moderate,73,7,False,2,0,queue_admission_failure,"{""queue_admission_failure"": 2}"
primary,903,async1,moderate,primary-903-async1-moderate,73,8,False,2,0,queue_admission_failure,"{""queue_admission_failure"": 2}"
primary,903,async1,moderate,primary-903-async1-moderate,73,9,False,2,0,queue_admission_failure,"{""queue_admission_failure"": 2}"
primary,903,async1,moderate,primary-903-async1-moderate,73,10,False,2,0,deadline_expiry,"{""deadline_expiry"": 2}"
primary,903,async1,moderate,primary-903-async1-moderate,73,11,False,2,0,deadline_expiry,"{""deadline_expiry"": 2}"
primary,902,async2,normal,primary-902-async2-normal,76,2,False,3,0,deadline_expiry,"{""deadline_expiry"": 3}"
primary,902,async2,normal,primary-902-async2-normal,76,3,False,3,0,deadline_expiry,"{""deadline_expiry"": 3}"
primary,902,async2,normal,primary-902-async2-normal,76,4,False,3,0,deadline_expiry,"{""deadline_expiry"": 3}"
primary,902,async2,normal,primary-902-async2-normal,76,5,False,3,0,queue_admission_failure,"{""queue_admission_failure"": 3}"
primary,902,async2,normal,primary-902-async2-normal,76,6,False,3,0,queue_admission_failure,"{""queue_admission_failure"": 3}"
primary,902,async2,normal,primary-902-async2-normal,76,7,False,3,0,queue_admission_failure,"{""queue_admission_failure"": 3}"
primary,902,async2,normal,primary-902-async2-normal,76,8,False,3,0,queue_admission_failure,"{""queue_admission_failure"": 3}"
primary,902,async2,normal,primary-902-async2-normal,76,9,False,3,0,deadline_expiry,"{""deadline_expiry"": 3}"
primary,902,async2,normal,primary-902-async2-normal,76,10,False,3,0,queue_admission_failure,"{""queue_admission_failure"": 3}"
primary,902,async2,normal,primary-902-async2-normal,76,11,False,3,0,queue_admission_failure,"{""queue_admission_failure"": 3}"
primary,902,async1,normal,primary-902-async1-normal,79,2,True,2,2,none,{}
primary,902,async1,normal,primary-902-async1-normal,79,3,False,2,0,deadline_expiry,"{""deadline_expiry"": 2}"
primary,902,async1,normal,primary-902-async1-normal,79,4,False,2,0,deadline_expiry,"{""deadline_expiry"": 2}"
primary,902,async1,normal,primary-902-async1-normal,79,5,False,2,0,deadline_expiry,"{""deadline_expiry"": 2}"
primary,902,async1,normal,primary-902-async1-normal,79,6,False,2,0,deadline_expiry,"{""deadline_expiry"": 2}"
primary,902,async1,normal,primary-902-async1-normal,79,7,False,2,0,queue_admission_failure,"{""queue_admission_failure"": 2}"
primary,902,async1,normal,primary-902-async1-normal,79,8,False,2,0,queue_admission_failure,"{""queue_admission_failure"": 2}"
primary,902,async1,normal,primary-902-async1-normal,79,9,False,2,0,deadline_expiry,"{""deadline_expiry"": 2}"
primary,902,async1,normal,primary-902-async1-normal,79,10,False,2,0,deadline_expiry,"{""deadline_expiry"": 2}"
primary,902,async1,normal,primary-902-async1-normal,79,11,False,2,0,queue_admission_failure,"{""queue_admission_failure"": 2}"
primary,905,async2,saturation,primary-905-async2-saturation,80,2,False,3,0,queue_admission_failure,"{""queue_admission_failure"": 3}"
primary,905,async2,saturation,primary-905-async2-saturation,80,3,False,3,0,queue_admission_failure,"{""queue_admission_failure"": 3}"
primary,905,async2,saturation,primary-905-async2-saturation,80,4,False,3,0,queue_admission_failure,"{""queue_admission_failure"": 3}"
primary,905,async2,saturation,primary-905-async2-saturation,80,5,False,3,0,queue_admission_failure,"{""queue_admission_failure"": 3}"
primary,905,async2,saturation,primary-905-async2-saturation,80,6,False,3,0,queue_admission_failure,"{""queue_admission_failure"": 3}"
primary,905,async2,saturation,primary-905-async2-saturation,80,7,True,3,3,none,{}
primary,905,async2,saturation,primary-905-async2-saturation,80,8,False,3,0,queue_admission_failure,"{""queue_admission_failure"": 3}"
primary,905,async2,saturation,primary-905-async2-saturation,80,9,False,3,0,queue_admission_failure,"{""queue_admission_failure"": 3}"
primary,905,async2,saturation,primary-905-async2-saturation,80,10,False,3,0,queue_admission_failure,"{""queue_admission_failure"": 3}"
primary,905,async2,saturation,primary-905-async2-saturation,80,11,False,3,0,queue_admission_failure,"{""queue_admission_failure"": 3}"
primary,905,async1,timeout,primary-905-async1-timeout,82,2,True,2,2,none,{}
primary,905,async1,timeout,primary-905-async1-timeout,82,3,False,2,0,deadline_expiry,"{""deadline_expiry"": 2}"
primary,905,async1,timeout,primary-905-async1-timeout,82,4,False,2,0,deadline_expiry,"{""deadline_expiry"": 2}"
primary,905,async1,timeout,primary-905-async1-timeout,82,5,False,2,0,deadline_expiry,"{""deadline_expiry"": 2}"
primary,905,async1,timeout,primary-905-async1-timeout,82,6,False,2,0,deadline_expiry,"{""deadline_expiry"": 2}"
primary,905,async1,timeout,primary-905-async1-timeout,82,7,False,2,0,queue_admission_failure,"{""queue_admission_failure"": 2}"
primary,905,async1,timeout,primary-905-async1-timeout,82,8,False,2,0,deadline_expiry,"{""deadline_expiry"": 2}"
primary,905,async1,timeout,primary-905-async1-timeout,82,9,False,2,0,deadline_expiry,"{""deadline_expiry"": 2}"
primary,905,async1,timeout,primary-905-async1-timeout,82,10,False,2,0,queue_admission_failure,"{""queue_admission_failure"": 2}"
primary,905,async1,timeout,primary-905-async1-timeout,82,11,False,2,0,queue_admission_failure,"{""queue_admission_failure"": 2}"
primary,901,async2,normal,primary-901-async2-normal,84,2,False,3,0,deadline_expiry,"{""deadline_expiry"": 3}"
primary,901,async2,normal,primary-901-async2-normal,84,3,False,3,0,deadline_expiry,"{""deadline_expiry"": 3}"
primary,901,async2,normal,primary-901-async2-normal,84,4,False,3,0,deadline_expiry,"{""deadline_expiry"": 3}"
primary,901,async2,normal,primary-901-async2-normal,84,5,False,3,0,queue_admission_failure,"{""queue_admission_failure"": 3}"
primary,901,async2,normal,primary-901-async2-normal,84,6,False,3,0,queue_admission_failure,"{""queue_admission_failure"": 3}"
primary,901,async2,normal,primary-901-async2-normal,84,7,False,3,0,queue_admission_failure,"{""queue_admission_failure"": 3}"
primary,901,async2,normal,primary-901-async2-normal,84,8,False,3,0,deadline_expiry,"{""deadline_expiry"": 3}"
primary,901,async2,normal,primary-901-async2-normal,84,9,False,3,0,queue_admission_failure,"{""queue_admission_failure"": 3}"
primary,901,async2,normal,primary-901-async2-normal,84,10,False,3,0,queue_admission_failure,"{""queue_admission_failure"": 3}"
primary,901,async2,normal,primary-901-async2-normal,84,11,False,3,0,queue_admission_failure,"{""queue_admission_failure"": 3}"
primary,901,async2,saturation,primary-901-async2-saturation,89,2,False,3,0,queue_admission_failure,"{""queue_admission_failure"": 3}"
primary,901,async2,saturation,primary-901-async2-saturation,89,3,False,3,0,queue_admission_failure,"{""queue_admission_failure"": 3}"
primary,901,async2,saturation,primary-901-async2-saturation,89,4,False,3,0,queue_admission_failure,"{""queue_admission_failure"": 3}"
primary,901,async2,saturation,primary-901-async2-saturation,89,5,False,3,0,queue_admission_failure,"{""queue_admission_failure"": 3}"
primary,901,async2,saturation,primary-901-async2-saturation,89,6,False,3,0,queue_admission_failure,"{""queue_admission_failure"": 3}"
primary,901,async2,saturation,primary-901-async2-saturation,89,7,False,3,0,queue_admission_failure,"{""queue_admission_failure"": 3}"
primary,901,async2,saturation,primary-901-async2-saturation,89,8,False,3,0,deadline_expiry,"{""deadline_expiry"": 3}"
primary,901,async2,saturation,primary-901-async2-saturation,89,9,False,3,0,queue_admission_failure,"{""queue_admission_failure"": 3}"
primary,901,async2,saturation,primary-901-async2-saturation,89,10,False,3,0,queue_admission_failure,"{""queue_admission_failure"": 3}"
primary,901,async2,saturation,primary-901-async2-saturation,89,11,False,3,0,queue_admission_failure,"{""queue_admission_failure"": 3}"
primary,904,async1,saturation,primary-904-async1-saturation,90,2,False,2,0,queue_admission_failure,"{""queue_admission_failure"": 2}"
primary,904,async1,saturation,primary-904-async1-saturation,90,3,False,2,0,queue_admission_failure,"{""queue_admission_failure"": 2}"
primary,904,async1,saturation,primary-904-async1-saturation,90,4,False,2,0,queue_admission_failure,"{""queue_admission_failure"": 2}"
primary,904,async1,saturation,primary-904-async1-saturation,90,5,False,2,0,queue_admission_failure,"{""queue_admission_failure"": 2}"
primary,904,async1,saturation,primary-904-async1-saturation,90,6,False,2,0,queue_admission_failure,"{""queue_admission_failure"": 2}"
primary,904,async1,saturation,primary-904-async1-saturation,90,7,True,2,2,none,{}
primary,904,async1,saturation,primary-904-async1-saturation,90,8,False,2,0,queue_admission_failure,"{""queue_admission_failure"": 2}"
primary,904,async1,saturation,primary-904-async1-saturation,90,9,False,2,0,queue_admission_failure,"{""queue_admission_failure"": 2}"
primary,904,async1,saturation,primary-904-async1-saturation,90,10,False,2,0,queue_admission_failure,"{""queue_admission_failure"": 2}"
primary,904,async1,saturation,primary-904-async1-saturation,90,11,False,2,0,queue_admission_failure,"{""queue_admission_failure"": 2}"
primary,903,async2,severe,primary-903-async2-severe,91,2,False,3,0,deadline_expiry,"{""deadline_expiry"": 3}"
primary,903,async2,severe,primary-903-async2-severe,91,3,False,3,0,deadline_expiry,"{""deadline_expiry"": 3}"
primary,903,async2,severe,primary-903-async2-severe,91,4,False,3,0,queue_admission_failure,"{""queue_admission_failure"": 3}"
primary,903,async2,severe,primary-903-async2-severe,91,5,False,3,0,queue_admission_failure,"{""queue_admission_failure"": 3}"
primary,903,async2,severe,primary-903-async2-severe,91,6,False,3,0,queue_admission_failure,"{""queue_admission_failure"": 3}"
primary,903,async2,severe,primary-903-async2-severe,91,7,False,3,0,queue_admission_failure,"{""queue_admission_failure"": 3}"
primary,903,async2,severe,primary-903-async2-severe,91,8,False,3,0,deadline_expiry,"{""deadline_expiry"": 3}"
primary,903,async2,severe,primary-903-async2-severe,91,9,False,3,0,queue_admission_failure,"{""queue_admission_failure"": 3}"
primary,903,async2,severe,primary-903-async2-severe,91,10,False,3,0,queue_admission_failure,"{""queue_admission_failure"": 3}"
primary,903,async2,severe,primary-903-async2-severe,91,11,False,3,0,deadline_expiry,"{""deadline_expiry"": 3}"
primary,904,async1,moderate,primary-904-async1-moderate,92,2,False,2,0,deadline_expiry,"{""deadline_expiry"": 2}"
primary,904,async1,moderate,primary-904-async1-moderate,92,3,False,2,0,deadline_expiry,"{""deadline_expiry"": 2}"
primary,904,async1,moderate,primary-904-async1-moderate,92,4,False,2,0,deadline_expiry,"{""deadline_expiry"": 2}"
primary,904,async1,moderate,primary-904-async1-moderate,92,5,False,2,0,deadline_expiry,"{""deadline_expiry"": 2}"
primary,904,async1,moderate,primary-904-async1-moderate,92,6,False,2,0,deadline_expiry,"{""deadline_expiry"": 2}"
primary,904,async1,moderate,primary-904-async1-moderate,92,7,False,2,0,queue_admission_failure,"{""queue_admission_failure"": 2}"
primary,904,async1,moderate,primary-904-async1-moderate,92,8,False,2,0,queue_admission_failure,"{""queue_admission_failure"": 2}"
primary,904,async1,moderate,primary-904-async1-moderate,92,9,False,2,0,queue_admission_failure,"{""queue_admission_failure"": 2}"
primary,904,async1,moderate,primary-904-async1-moderate,92,10,False,2,0,deadline_expiry,"{""deadline_expiry"": 2}"
primary,904,async1,moderate,primary-904-async1-moderate,92,11,False,2,0,deadline_expiry,"{""deadline_expiry"": 2}"
primary,901,async1,severe,primary-901-async1-severe,94,2,False,2,0,deadline_expiry,"{""deadline_expiry"": 2}"
primary,901,async1,severe,primary-901-async1-severe,94,3,False,2,0,deadline_expiry,"{""deadline_expiry"": 2}"
primary,901,async1,severe,primary-901-async1-severe,94,4,False,2,0,deadline_expiry,"{""deadline_expiry"": 2}"
primary,901,async1,severe,primary-901-async1-severe,94,5,False,2,0,deadline_expiry,"{""deadline_expiry"": 2}"
primary,901,async1,severe,primary-901-async1-severe,94,6,False,2,0,queue_admission_failure,"{""queue_admission_failure"": 2}"
primary,901,async1,severe,primary-901-async1-severe,94,7,False,2,0,queue_admission_failure,"{""queue_admission_failure"": 2}"
primary,901,async1,severe,primary-901-async1-severe,94,8,False,2,0,deadline_expiry,"{""deadline_expiry"": 2}"
primary,901,async1,severe,primary-901-async1-severe,94,9,False,2,0,queue_admission_failure,"{""queue_admission_failure"": 2}"
primary,901,async1,severe,primary-901-async1-severe,94,10,False,2,0,queue_admission_failure,"{""queue_admission_failure"": 2}"
primary,901,async1,severe,primary-901-async1-severe,94,11,False,2,0,queue_admission_failure,"{""queue_admission_failure"": 2}"
primary,901,async1,crash,primary-901-async1-crash,95,2,True,2,2,none,{}
primary,901,async1,crash,primary-901-async1-crash,95,3,False,2,0,deadline_expiry,"{""deadline_expiry"": 2}"
primary,901,async1,crash,primary-901-async1-crash,95,4,False,2,0,deadline_expiry,"{""deadline_expiry"": 2}"
primary,901,async1,crash,primary-901-async1-crash,95,5,False,2,0,deadline_expiry,"{""deadline_expiry"": 2}"
primary,901,async1,crash,primary-901-async1-crash,95,6,False,2,0,deadline_expiry,"{""deadline_expiry"": 2}"
primary,901,async1,crash,primary-901-async1-crash,95,7,False,2,0,queue_admission_failure,"{""queue_admission_failure"": 2}"
primary,901,async1,crash,primary-901-async1-crash,95,8,False,2,0,queue_admission_failure,"{""queue_admission_failure"": 2}"
primary,901,async1,crash,primary-901-async1-crash,95,9,False,2,0,deadline_expiry,"{""deadline_expiry"": 2}"
primary,901,async1,crash,primary-901-async1-crash,95,10,False,2,0,deadline_expiry,"{""deadline_expiry"": 2}"
primary,901,async1,crash,primary-901-async1-crash,95,11,False,2,0,queue_admission_failure,"{""queue_admission_failure"": 2}"
primary,904,async1,crash,primary-904-async1-crash,97,2,True,2,2,none,{}
primary,904,async1,crash,primary-904-async1-crash,97,3,False,2,0,deadline_expiry,"{""deadline_expiry"": 2}"
primary,904,async1,crash,primary-904-async1-crash,97,4,False,2,0,deadline_expiry,"{""deadline_expiry"": 2}"
primary,904,async1,crash,primary-904-async1-crash,97,5,False,2,0,deadline_expiry,"{""deadline_expiry"": 2}"
primary,904,async1,crash,primary-904-async1-crash,97,6,False,2,0,deadline_expiry,"{""deadline_expiry"": 2}"
primary,904,async1,crash,primary-904-async1-crash,97,7,False,2,0,queue_admission_failure,"{""queue_admission_failure"": 2}"
primary,904,async1,crash,primary-904-async1-crash,97,8,False,2,0,deadline_expiry,"{""deadline_expiry"": 2}"
primary,904,async1,crash,primary-904-async1-crash,97,9,False,2,0,deadline_expiry,"{""deadline_expiry"": 2}"
primary,904,async1,crash,primary-904-async1-crash,97,10,False,2,0,queue_admission_failure,"{""queue_admission_failure"": 2}"
primary,904,async1,crash,primary-904-async1-crash,97,11,False,2,0,queue_admission_failure,"{""queue_admission_failure"": 2}"
primary,904,async2,severe,primary-904-async2-severe,101,2,False,3,0,deadline_expiry,"{""deadline_expiry"": 3}"
primary,904,async2,severe,primary-904-async2-severe,101,3,False,3,0,deadline_expiry,"{""deadline_expiry"": 3}"
primary,904,async2,severe,primary-904-async2-severe,101,4,False,3,0,queue_admission_failure,"{""queue_admission_failure"": 3}"
primary,904,async2,severe,primary-904-async2-severe,101,5,False,3,0,queue_admission_failure,"{""queue_admission_failure"": 3}"
primary,904,async2,severe,primary-904-async2-severe,101,6,False,3,0,queue_admission_failure,"{""queue_admission_failure"": 3}"
primary,904,async2,severe,primary-904-async2-severe,101,7,False,3,0,queue_admission_failure,"{""queue_admission_failure"": 3}"
primary,904,async2,severe,primary-904-async2-severe,101,8,False,3,0,deadline_expiry,"{""deadline_expiry"": 3}"
primary,904,async2,severe,primary-904-async2-severe,101,9,False,3,0,queue_admission_failure,"{""queue_admission_failure"": 3}"
primary,904,async2,severe,primary-904-async2-severe,101,10,False,3,0,queue_admission_failure,"{""queue_admission_failure"": 3}"
primary,904,async2,severe,primary-904-async2-severe,101,11,False,3,0,deadline_expiry,"{""deadline_expiry"": 3}"
primary,904,async2,normal,primary-904-async2-normal,102,2,False,3,0,deadline_expiry,"{""deadline_expiry"": 3}"
primary,904,async2,normal,primary-904-async2-normal,102,3,False,3,0,deadline_expiry,"{""deadline_expiry"": 3}"
primary,904,async2,normal,primary-904-async2-normal,102,4,False,3,0,queue_admission_failure,"{""queue_admission_failure"": 3}"
primary,904,async2,normal,primary-904-async2-normal,102,5,False,3,0,queue_admission_failure,"{""queue_admission_failure"": 3}"
primary,904,async2,normal,primary-904-async2-normal,102,6,False,3,0,deadline_expiry,"{""deadline_expiry"": 3}"
primary,904,async2,normal,primary-904-async2-normal,102,7,False,3,0,queue_admission_failure,"{""queue_admission_failure"": 3}"
primary,904,async2,normal,primary-904-async2-normal,102,8,False,3,0,queue_admission_failure,"{""queue_admission_failure"": 3}"
primary,904,async2,normal,primary-904-async2-normal,102,9,False,3,0,queue_admission_failure,"{""queue_admission_failure"": 3}"
primary,904,async2,normal,primary-904-async2-normal,102,10,False,3,0,queue_admission_failure,"{""queue_admission_failure"": 3}"
primary,904,async2,normal,primary-904-async2-normal,102,11,False,3,0,deadline_expiry,"{""deadline_expiry"": 3}"
primary,905,async2,timeout,primary-905-async2-timeout,107,2,False,3,0,deadline_expiry,"{""deadline_expiry"": 3}"
primary,905,async2,timeout,primary-905-async2-timeout,107,3,False,3,0,deadline_expiry,"{""deadline_expiry"": 3}"
primary,905,async2,timeout,primary-905-async2-timeout,107,4,False,3,0,queue_admission_failure,"{""queue_admission_failure"": 3}"
primary,905,async2,timeout,primary-905-async2-timeout,107,5,False,3,0,deadline_expiry,"{""deadline_expiry"": 3}"
primary,905,async2,timeout,primary-905-async2-timeout,107,6,False,3,0,queue_admission_failure,"{""queue_admission_failure"": 3}"
primary,905,async2,timeout,primary-905-async2-timeout,107,7,False,3,0,queue_admission_failure,"{""queue_admission_failure"": 3}"
primary,905,async2,timeout,primary-905-async2-timeout,107,8,False,3,0,queue_admission_failure,"{""queue_admission_failure"": 3}"
primary,905,async2,timeout,primary-905-async2-timeout,107,9,False,3,0,deadline_expiry,"{""deadline_expiry"": 3}"
primary,905,async2,timeout,primary-905-async2-timeout,107,10,False,3,0,queue_admission_failure,"{""queue_admission_failure"": 3}"
primary,905,async2,timeout,primary-905-async2-timeout,107,11,False,3,0,queue_admission_failure,"{""queue_admission_failure"": 3}"
primary,904,async2,timeout,primary-904-async2-timeout,108,2,False,3,0,deadline_expiry,"{""deadline_expiry"": 3}"
primary,904,async2,timeout,primary-904-async2-timeout,108,3,False,3,0,deadline_expiry,"{""deadline_expiry"": 3}"
primary,904,async2,timeout,primary-904-async2-timeout,108,4,False,3,0,queue_admission_failure,"{""queue_admission_failure"": 3}"
primary,904,async2,timeout,primary-904-async2-timeout,108,5,False,3,0,deadline_expiry,"{""deadline_expiry"": 3}"
primary,904,async2,timeout,primary-904-async2-timeout,108,6,False,3,0,queue_admission_failure,"{""queue_admission_failure"": 3}"
primary,904,async2,timeout,primary-904-async2-timeout,108,7,False,3,0,queue_admission_failure,"{""queue_admission_failure"": 3}"
primary,904,async2,timeout,primary-904-async2-timeout,108,8,False,3,0,queue_admission_failure,"{""queue_admission_failure"": 3}"
primary,904,async2,timeout,primary-904-async2-timeout,108,9,False,3,0,deadline_expiry,"{""deadline_expiry"": 3}"
primary,904,async2,timeout,primary-904-async2-timeout,108,10,False,3,0,queue_admission_failure,"{""queue_admission_failure"": 3}"
primary,904,async2,timeout,primary-904-async2-timeout,108,11,False,3,0,queue_admission_failure,"{""queue_admission_failure"": 3}"
primary,903,async2,crash,primary-903-async2-crash,109,2,False,3,0,deadline_expiry,"{""deadline_expiry"": 3}"
primary,903,async2,crash,primary-903-async2-crash,109,3,False,3,0,deadline_expiry,"{""deadline_expiry"": 3}"
primary,903,async2,crash,primary-903-async2-crash,109,4,False,3,0,queue_admission_failure,"{""queue_admission_failure"": 3}"
primary,903,async2,crash,primary-903-async2-crash,109,5,False,3,0,deadline_expiry,"{""deadline_expiry"": 3}"
primary,903,async2,crash,primary-903-async2-crash,109,6,False,3,0,queue_admission_failure,"{""queue_admission_failure"": 3}"
primary,903,async2,crash,primary-903-async2-crash,109,7,False,3,0,queue_admission_failure,"{""queue_admission_failure"": 3}"
primary,903,async2,crash,primary-903-async2-crash,109,8,False,3,0,queue_admission_failure,"{""queue_admission_failure"": 3}"
primary,903,async2,crash,primary-903-async2-crash,109,9,False,3,0,deadline_expiry,"{""deadline_expiry"": 3}"
primary,903,async2,crash,primary-903-async2-crash,109,10,False,3,0,queue_admission_failure,"{""queue_admission_failure"": 3}"
primary,903,async2,crash,primary-903-async2-crash,109,11,False,3,0,queue_admission_failure,"{""queue_admission_failure"": 3}"
primary,903,async1,crash,primary-903-async1-crash,111,2,False,2,1,deadline_expiry,"{""deadline_expiry"": 1}"
primary,903,async1,crash,primary-903-async1-crash,111,3,False,2,0,deadline_expiry,"{""deadline_expiry"": 2}"
primary,903,async1,crash,primary-903-async1-crash,111,4,False,2,0,deadline_expiry,"{""deadline_expiry"": 2}"
primary,903,async1,crash,primary-903-async1-crash,111,5,False,2,0,deadline_expiry,"{""deadline_expiry"": 2}"
primary,903,async1,crash,primary-903-async1-crash,111,6,False,2,0,deadline_expiry,"{""deadline_expiry"": 2}"
primary,903,async1,crash,primary-903-async1-crash,111,7,False,2,0,queue_admission_failure,"{""queue_admission_failure"": 2}"
primary,903,async1,crash,primary-903-async1-crash,111,8,False,2,0,queue_admission_failure,"{""queue_admission_failure"": 2}"
primary,903,async1,crash,primary-903-async1-crash,111,9,False,2,0,deadline_expiry,"{""deadline_expiry"": 2}"
primary,903,async1,crash,primary-903-async1-crash,111,10,False,2,0,deadline_expiry,"{""deadline_expiry"": 2}"
primary,903,async1,crash,primary-903-async1-crash,111,11,False,2,0,queue_admission_failure,"{""queue_admission_failure"": 2}"
primary,904,async2,moderate,primary-904-async2-moderate,112,2,False,3,0,deadline_expiry,"{""deadline_expiry"": 3}"
primary,904,async2,moderate,primary-904-async2-moderate,112,3,False,3,0,deadline_expiry,"{""deadline_expiry"": 3}"
primary,904,async2,moderate,primary-904-async2-moderate,112,4,False,3,0,queue_admission_failure,"{""queue_admission_failure"": 3}"
primary,904,async2,moderate,primary-904-async2-moderate,112,5,False,3,0,queue_admission_failure,"{""queue_admission_failure"": 3}"
primary,904,async2,moderate,primary-904-async2-moderate,112,6,False,3,0,deadline_expiry,"{""deadline_expiry"": 3}"
primary,904,async2,moderate,primary-904-async2-moderate,112,7,False,3,0,queue_admission_failure,"{""queue_admission_failure"": 3}"
primary,904,async2,moderate,primary-904-async2-moderate,112,8,False,3,0,queue_admission_failure,"{""queue_admission_failure"": 3}"
primary,904,async2,moderate,primary-904-async2-moderate,112,9,False,3,0,queue_admission_failure,"{""queue_admission_failure"": 3}"
primary,904,async2,moderate,primary-904-async2-moderate,112,10,False,3,0,queue_admission_failure,"{""queue_admission_failure"": 3}"
primary,904,async2,moderate,primary-904-async2-moderate,112,11,False,3,0,deadline_expiry,"{""deadline_expiry"": 3}"
primary,903,async2,normal,primary-903-async2-normal,114,2,False,3,0,deadline_expiry,"{""deadline_expiry"": 3}"
primary,903,async2,normal,primary-903-async2-normal,114,3,False,3,0,deadline_expiry,"{""deadline_expiry"": 3}"
primary,903,async2,normal,primary-903-async2-normal,114,4,False,3,0,deadline_expiry,"{""deadline_expiry"": 3}"
primary,903,async2,normal,primary-903-async2-normal,114,5,False,3,0,queue_admission_failure,"{""queue_admission_failure"": 3}"
primary,903,async2,normal,primary-903-async2-normal,114,6,False,3,0,queue_admission_failure,"{""queue_admission_failure"": 3}"
primary,903,async2,normal,primary-903-async2-normal,114,7,False,3,0,queue_admission_failure,"{""queue_admission_failure"": 3}"
primary,903,async2,normal,primary-903-async2-normal,114,8,False,3,0,deadline_expiry,"{""deadline_expiry"": 3}"
primary,903,async2,normal,primary-903-async2-normal,114,9,False,3,0,queue_admission_failure,"{""queue_admission_failure"": 3}"
primary,903,async2,normal,primary-903-async2-normal,114,10,False,3,0,queue_admission_failure,"{""queue_admission_failure"": 3}"
primary,903,async2,normal,primary-903-async2-normal,114,11,False,3,0,queue_admission_failure,"{""queue_admission_failure"": 3}"
primary,901,async2,crash,primary-901-async2-crash,118,2,False,3,0,deadline_expiry,"{""deadline_expiry"": 3}"
primary,901,async2,crash,primary-901-async2-crash,118,3,False,3,0,deadline_expiry,"{""deadline_expiry"": 3}"
primary,901,async2,crash,primary-901-async2-crash,118,4,False,3,0,queue_admission_failure,"{""queue_admission_failure"": 3}"
primary,901,async2,crash,primary-901-async2-crash,118,5,False,3,0,deadline_expiry,"{""deadline_expiry"": 3}"
primary,901,async2,crash,primary-901-async2-crash,118,6,False,3,0,queue_admission_failure,"{""queue_admission_failure"": 3}"
primary,901,async2,crash,primary-901-async2-crash,118,7,False,3,0,queue_admission_failure,"{""queue_admission_failure"": 3}"
primary,901,async2,crash,primary-901-async2-crash,118,8,False,3,0,queue_admission_failure,"{""queue_admission_failure"": 3}"
primary,901,async2,crash,primary-901-async2-crash,118,9,False,3,0,deadline_expiry,"{""deadline_expiry"": 3}"
primary,901,async2,crash,primary-901-async2-crash,118,10,False,3,0,queue_admission_failure,"{""queue_admission_failure"": 3}"
primary,901,async2,crash,primary-901-async2-crash,118,11,False,3,0,queue_admission_failure,"{""queue_admission_failure"": 3}"
primary,905,async2,crash,primary-905-async2-crash,122,2,False,3,0,deadline_expiry,"{""deadline_expiry"": 3}"
primary,905,async2,crash,primary-905-async2-crash,122,3,False,3,0,deadline_expiry,"{""deadline_expiry"": 3}"
primary,905,async2,crash,primary-905-async2-crash,122,4,False,3,0,queue_admission_failure,"{""queue_admission_failure"": 3}"
primary,905,async2,crash,primary-905-async2-crash,122,5,False,3,0,queue_admission_failure,"{""queue_admission_failure"": 3}"
primary,905,async2,crash,primary-905-async2-crash,122,6,False,3,0,deadline_expiry,"{""deadline_expiry"": 3}"
primary,905,async2,crash,primary-905-async2-crash,122,7,False,3,0,queue_admission_failure,"{""queue_admission_failure"": 3}"
primary,905,async2,crash,primary-905-async2-crash,122,8,False,3,0,queue_admission_failure,"{""queue_admission_failure"": 3}"
primary,905,async2,crash,primary-905-async2-crash,122,9,False,3,0,deadline_expiry,"{""deadline_expiry"": 3}"
primary,905,async2,crash,primary-905-async2-crash,122,10,False,3,0,queue_admission_failure,"{""queue_admission_failure"": 3}"
primary,905,async2,crash,primary-905-async2-crash,122,11,False,3,0,queue_admission_failure,"{""queue_admission_failure"": 3}"
primary,904,async2,saturation,primary-904-async2-saturation,126,2,False,3,0,queue_admission_failure,"{""queue_admission_failure"": 3}"
primary,904,async2,saturation,primary-904-async2-saturation,126,3,False,3,0,queue_admission_failure,"{""queue_admission_failure"": 3}"
primary,904,async2,saturation,primary-904-async2-saturation,126,4,False,3,0,queue_admission_failure,"{""queue_admission_failure"": 3}"
primary,904,async2,saturation,primary-904-async2-saturation,126,5,False,3,0,queue_admission_failure,"{""queue_admission_failure"": 3}"
primary,904,async2,saturation,primary-904-async2-saturation,126,6,False,3,0,queue_admission_failure,"{""queue_admission_failure"": 3}"
primary,904,async2,saturation,primary-904-async2-saturation,126,7,False,3,0,queue_admission_failure,"{""queue_admission_failure"": 3}"
primary,904,async2,saturation,primary-904-async2-saturation,126,8,False,3,0,deadline_expiry,"{""deadline_expiry"": 3}"
primary,904,async2,saturation,primary-904-async2-saturation,126,9,False,3,0,queue_admission_failure,"{""queue_admission_failure"": 3}"
primary,904,async2,saturation,primary-904-async2-saturation,126,10,False,3,0,queue_admission_failure,"{""queue_admission_failure"": 3}"
primary,904,async2,saturation,primary-904-async2-saturation,126,11,False,3,0,queue_admission_failure,"{""queue_admission_failure"": 3}"
primary,902,async1,severe,primary-902-async1-severe,129,2,False,2,0,deadline_expiry,"{""deadline_expiry"": 2}"
primary,902,async1,severe,primary-902-async1-severe,129,3,False,2,0,deadline_expiry,"{""deadline_expiry"": 2}"
primary,902,async1,severe,primary-902-async1-severe,129,4,False,2,0,deadline_expiry,"{""deadline_expiry"": 2}"
primary,902,async1,severe,primary-902-async1-severe,129,5,False,2,0,deadline_expiry,"{""deadline_expiry"": 2}"
primary,902,async1,severe,primary-902-async1-severe,129,6,False,2,0,queue_admission_failure,"{""queue_admission_failure"": 2}"
primary,902,async1,severe,primary-902-async1-severe,129,7,False,2,0,queue_admission_failure,"{""queue_admission_failure"": 2}"
primary,902,async1,severe,primary-902-async1-severe,129,8,False,2,0,deadline_expiry,"{""deadline_expiry"": 2}"
primary,902,async1,severe,primary-902-async1-severe,129,9,False,2,0,queue_admission_failure,"{""queue_admission_failure"": 2}"
primary,902,async1,severe,primary-902-async1-severe,129,10,False,2,0,queue_admission_failure,"{""queue_admission_failure"": 2}"
primary,902,async1,severe,primary-902-async1-severe,129,11,False,2,0,queue_admission_failure,"{""queue_admission_failure"": 2}"
primary,901,async1,normal,primary-901-async1-normal,132,2,True,2,2,none,{}
primary,901,async1,normal,primary-901-async1-normal,132,3,False,2,0,deadline_expiry,"{""deadline_expiry"": 2}"
primary,901,async1,normal,primary-901-async1-normal,132,4,False,2,0,deadline_expiry,"{""deadline_expiry"": 2}"
primary,901,async1,normal,primary-901-async1-normal,132,5,False,2,0,deadline_expiry,"{""deadline_expiry"": 2}"
primary,901,async1,normal,primary-901-async1-normal,132,6,False,2,0,deadline_expiry,"{""deadline_expiry"": 2}"
primary,901,async1,normal,primary-901-async1-normal,132,7,False,2,0,queue_admission_failure,"{""queue_admission_failure"": 2}"
primary,901,async1,normal,primary-901-async1-normal,132,8,False,2,0,queue_admission_failure,"{""queue_admission_failure"": 2}"
primary,901,async1,normal,primary-901-async1-normal,132,9,False,2,0,deadline_expiry,"{""deadline_expiry"": 2}"
primary,901,async1,normal,primary-901-async1-normal,132,10,False,2,0,deadline_expiry,"{""deadline_expiry"": 2}"
primary,901,async1,normal,primary-901-async1-normal,132,11,False,2,0,queue_admission_failure,"{""queue_admission_failure"": 2}"
primary,904,async2,crash,primary-904-async2-crash,136,2,False,3,0,deadline_expiry,"{""deadline_expiry"": 3}"
primary,904,async2,crash,primary-904-async2-crash,136,3,False,3,0,deadline_expiry,"{""deadline_expiry"": 3}"
primary,904,async2,crash,primary-904-async2-crash,136,4,False,3,0,queue_admission_failure,"{""queue_admission_failure"": 3}"
primary,904,async2,crash,primary-904-async2-crash,136,5,False,3,0,deadline_expiry,"{""deadline_expiry"": 3}"
primary,904,async2,crash,primary-904-async2-crash,136,6,False,3,0,queue_admission_failure,"{""queue_admission_failure"": 3}"
primary,904,async2,crash,primary-904-async2-crash,136,7,False,3,0,queue_admission_failure,"{""queue_admission_failure"": 3}"
primary,904,async2,crash,primary-904-async2-crash,136,8,False,3,0,deadline_expiry,"{""deadline_expiry"": 3}"
primary,904,async2,crash,primary-904-async2-crash,136,9,False,3,0,queue_admission_failure,"{""queue_admission_failure"": 3}"
primary,904,async2,crash,primary-904-async2-crash,136,10,False,3,0,queue_admission_failure,"{""queue_admission_failure"": 3}"
primary,904,async2,crash,primary-904-async2-crash,136,11,False,3,0,queue_admission_failure,"{""queue_admission_failure"": 3}"
primary,902,async1,crash,primary-902-async1-crash,138,2,False,2,1,deadline_expiry,"{""deadline_expiry"": 1}"
primary,902,async1,crash,primary-902-async1-crash,138,3,False,2,0,deadline_expiry,"{""deadline_expiry"": 2}"
primary,902,async1,crash,primary-902-async1-crash,138,4,False,2,0,deadline_expiry,"{""deadline_expiry"": 2}"
primary,902,async1,crash,primary-902-async1-crash,138,5,False,2,0,deadline_expiry,"{""deadline_expiry"": 2}"
primary,902,async1,crash,primary-902-async1-crash,138,6,False,2,0,deadline_expiry,"{""deadline_expiry"": 2}"
primary,902,async1,crash,primary-902-async1-crash,138,7,False,2,0,queue_admission_failure,"{""queue_admission_failure"": 2}"
primary,902,async1,crash,primary-902-async1-crash,138,8,False,2,0,queue_admission_failure,"{""queue_admission_failure"": 2}"
primary,902,async1,crash,primary-902-async1-crash,138,9,False,2,0,deadline_expiry,"{""deadline_expiry"": 2}"
primary,902,async1,crash,primary-902-async1-crash,138,10,False,2,0,deadline_expiry,"{""deadline_expiry"": 2}"
primary,902,async1,crash,primary-902-async1-crash,138,11,False,2,0,queue_admission_failure,"{""queue_admission_failure"": 2}"
primary,903,async2,timeout,primary-903-async2-timeout,140,2,False,3,0,deadline_expiry,"{""deadline_expiry"": 3}"
primary,903,async2,timeout,primary-903-async2-timeout,140,3,False,3,0,deadline_expiry,"{""deadline_expiry"": 3}"
primary,903,async2,timeout,primary-903-async2-timeout,140,4,False,3,0,queue_admission_failure,"{""queue_admission_failure"": 3}"
primary,903,async2,timeout,primary-903-async2-timeout,140,5,False,3,0,deadline_expiry,"{""deadline_expiry"": 3}"
primary,903,async2,timeout,primary-903-async2-timeout,140,6,False,3,0,queue_admission_failure,"{""queue_admission_failure"": 3}"
primary,903,async2,timeout,primary-903-async2-timeout,140,7,False,3,0,queue_admission_failure,"{""queue_admission_failure"": 3}"
primary,903,async2,timeout,primary-903-async2-timeout,140,8,False,3,0,queue_admission_failure,"{""queue_admission_failure"": 3}"
primary,903,async2,timeout,primary-903-async2-timeout,140,9,False,3,0,deadline_expiry,"{""deadline_expiry"": 3}"
primary,903,async2,timeout,primary-903-async2-timeout,140,10,False,3,0,queue_admission_failure,"{""queue_admission_failure"": 3}"
primary,903,async2,timeout,primary-903-async2-timeout,140,11,False,3,0,queue_admission_failure,"{""queue_admission_failure"": 3}"
primary,905,async2,severe,primary-905-async2-severe,142,2,False,3,0,deadline_expiry,"{""deadline_expiry"": 3}"
primary,905,async2,severe,primary-905-async2-severe,142,3,False,3,0,deadline_expiry,"{""deadline_expiry"": 3}"
primary,905,async2,severe,primary-905-async2-severe,142,4,False,3,0,queue_admission_failure,"{""queue_admission_failure"": 3}"
primary,905,async2,severe,primary-905-async2-severe,142,5,False,3,0,queue_admission_failure,"{""queue_admission_failure"": 3}"
primary,905,async2,severe,primary-905-async2-severe,142,6,False,3,0,queue_admission_failure,"{""queue_admission_failure"": 3}"
primary,905,async2,severe,primary-905-async2-severe,142,7,False,3,0,queue_admission_failure,"{""queue_admission_failure"": 3}"
primary,905,async2,severe,primary-905-async2-severe,142,8,False,3,0,deadline_expiry,"{""deadline_expiry"": 3}"
primary,905,async2,severe,primary-905-async2-severe,142,9,False,3,0,queue_admission_failure,"{""queue_admission_failure"": 3}"
primary,905,async2,severe,primary-905-async2-severe,142,10,False,3,0,queue_admission_failure,"{""queue_admission_failure"": 3}"
primary,905,async2,severe,primary-905-async2-severe,142,11,False,3,0,deadline_expiry,"{""deadline_expiry"": 3}"
primary,901,async1,timeout,primary-901-async1-timeout,143,2,False,2,1,deadline_expiry,"{""deadline_expiry"": 1}"
primary,901,async1,timeout,primary-901-async1-timeout,143,3,False,2,0,deadline_expiry,"{""deadline_expiry"": 2}"
primary,901,async1,timeout,primary-901-async1-timeout,143,4,False,2,0,deadline_expiry,"{""deadline_expiry"": 2}"
primary,901,async1,timeout,primary-901-async1-timeout,143,5,False,2,0,deadline_expiry,"{""deadline_expiry"": 2}"
primary,901,async1,timeout,primary-901-async1-timeout,143,6,False,2,0,deadline_expiry,"{""deadline_expiry"": 2}"
primary,901,async1,timeout,primary-901-async1-timeout,143,7,False,2,0,queue_admission_failure,"{""queue_admission_failure"": 2}"
primary,901,async1,timeout,primary-901-async1-timeout,143,8,False,2,0,deadline_expiry,"{""deadline_expiry"": 2}"
primary,901,async1,timeout,primary-901-async1-timeout,143,9,False,2,0,queue_admission_failure,"{""queue_admission_failure"": 2}"
primary,901,async1,timeout,primary-901-async1-timeout,143,10,False,2,0,deadline_expiry,"{""deadline_expiry"": 2}"
primary,901,async1,timeout,primary-901-async1-timeout,143,11,False,2,0,queue_admission_failure,"{""queue_admission_failure"": 2}"
primary,905,async2,moderate,primary-905-async2-moderate,147,2,False,3,0,deadline_expiry,"{""deadline_expiry"": 3}"
primary,905,async2,moderate,primary-905-async2-moderate,147,3,False,3,0,deadline_expiry,"{""deadline_expiry"": 3}"
primary,905,async2,moderate,primary-905-async2-moderate,147,4,False,3,0,queue_admission_failure,"{""queue_admission_failure"": 3}"
primary,905,async2,moderate,primary-905-async2-moderate,147,5,False,3,0,queue_admission_failure,"{""queue_admission_failure"": 3}"
primary,905,async2,moderate,primary-905-async2-moderate,147,6,False,3,0,deadline_expiry,"{""deadline_expiry"": 3}"
primary,905,async2,moderate,primary-905-async2-moderate,147,7,False,3,0,queue_admission_failure,"{""queue_admission_failure"": 3}"
primary,905,async2,moderate,primary-905-async2-moderate,147,8,False,3,0,queue_admission_failure,"{""queue_admission_failure"": 3}"
primary,905,async2,moderate,primary-905-async2-moderate,147,9,False,3,0,queue_admission_failure,"{""queue_admission_failure"": 3}"
primary,905,async2,moderate,primary-905-async2-moderate,147,10,False,3,0,queue_admission_failure,"{""queue_admission_failure"": 3}"
primary,905,async2,moderate,primary-905-async2-moderate,147,11,False,3,0,deadline_expiry,"{""deadline_expiry"": 3}"
primary,904,async1,severe,primary-904-async1-severe,149,2,False,2,0,deadline_expiry,"{""deadline_expiry"": 2}"
primary,904,async1,severe,primary-904-async1-severe,149,3,False,2,0,deadline_expiry,"{""deadline_expiry"": 2}"
primary,904,async1,severe,primary-904-async1-severe,149,4,False,2,0,deadline_expiry,"{""deadline_expiry"": 2}"
primary,904,async1,severe,primary-904-async1-severe,149,5,False,2,0,deadline_expiry,"{""deadline_expiry"": 2}"
primary,904,async1,severe,primary-904-async1-severe,149,6,False,2,0,queue_admission_failure,"{""queue_admission_failure"": 2}"
primary,904,async1,severe,primary-904-async1-severe,149,7,False,2,0,queue_admission_failure,"{""queue_admission_failure"": 2}"
primary,904,async1,severe,primary-904-async1-severe,149,8,False,2,0,deadline_expiry,"{""deadline_expiry"": 2}"
primary,904,async1,severe,primary-904-async1-severe,149,9,False,2,0,queue_admission_failure,"{""queue_admission_failure"": 2}"
primary,904,async1,severe,primary-904-async1-severe,149,10,False,2,0,queue_admission_failure,"{""queue_admission_failure"": 2}"
primary,904,async1,severe,primary-904-async1-severe,149,11,False,2,0,queue_admission_failure,"{""queue_admission_failure"": 2}"
micro,907,async2,cpu,micro-907-async2-cpu,150,2,False,3,0,deadline_expiry,"{""deadline_expiry"": 3}"
micro,907,async2,cpu,micro-907-async2-cpu,150,3,False,3,0,deadline_expiry,"{""deadline_expiry"": 3}"
micro,907,async2,cpu,micro-907-async2-cpu,150,4,False,3,0,queue_admission_failure,"{""queue_admission_failure"": 3}"
micro,907,async2,cpu,micro-907-async2-cpu,150,5,False,3,0,queue_admission_failure,"{""queue_admission_failure"": 3}"
micro,907,async2,cpu,micro-907-async2-cpu,150,6,False,3,0,deadline_expiry,"{""deadline_expiry"": 3}"
micro,907,async2,cpu,micro-907-async2-cpu,150,7,False,3,0,queue_admission_failure,"{""queue_admission_failure"": 3}"
micro,907,async2,cpu,micro-907-async2-cpu,150,8,False,3,0,queue_admission_failure,"{""queue_admission_failure"": 3}"
micro,907,async2,cpu,micro-907-async2-cpu,150,9,False,3,0,queue_admission_failure,"{""queue_admission_failure"": 3}"
micro,907,async2,cpu,micro-907-async2-cpu,150,10,False,3,0,queue_admission_failure,"{""queue_admission_failure"": 3}"
micro,907,async2,cpu,micro-907-async2-cpu,150,11,False,3,0,deadline_expiry,"{""deadline_expiry"": 3}"
micro,908,async2,memory,micro-908-async2-memory,151,2,False,3,0,deadline_expiry,"{""deadline_expiry"": 3}"
micro,908,async2,memory,micro-908-async2-memory,151,3,False,3,0,deadline_expiry,"{""deadline_expiry"": 3}"
micro,908,async2,memory,micro-908-async2-memory,151,4,False,3,0,queue_admission_failure,"{""queue_admission_failure"": 3}"
micro,908,async2,memory,micro-908-async2-memory,151,5,False,3,0,deadline_expiry,"{""deadline_expiry"": 3}"
micro,908,async2,memory,micro-908-async2-memory,151,6,False,3,0,queue_admission_failure,"{""queue_admission_failure"": 3}"
micro,908,async2,memory,micro-908-async2-memory,151,7,False,3,0,queue_admission_failure,"{""queue_admission_failure"": 3}"
micro,908,async2,memory,micro-908-async2-memory,151,8,False,3,0,queue_admission_failure,"{""queue_admission_failure"": 3}"
micro,908,async2,memory,micro-908-async2-memory,151,9,False,3,0,queue_admission_failure,"{""queue_admission_failure"": 3}"
micro,908,async2,memory,micro-908-async2-memory,151,10,False,3,0,deadline_expiry,"{""deadline_expiry"": 3}"
micro,908,async2,memory,micro-908-async2-memory,151,11,False,3,0,queue_admission_failure,"{""queue_admission_failure"": 3}"
micro,908,async2,occupancy,micro-908-async2-occupancy,152,2,False,3,0,queue_admission_failure,"{""queue_admission_failure"": 3}"
micro,908,async2,occupancy,micro-908-async2-occupancy,152,3,False,3,0,queue_admission_failure,"{""queue_admission_failure"": 3}"
micro,908,async2,occupancy,micro-908-async2-occupancy,152,4,False,3,0,queue_admission_failure,"{""queue_admission_failure"": 3}"
micro,908,async2,occupancy,micro-908-async2-occupancy,152,5,False,3,0,queue_admission_failure,"{""queue_admission_failure"": 3}"
micro,908,async2,occupancy,micro-908-async2-occupancy,152,6,False,3,0,queue_admission_failure,"{""queue_admission_failure"": 3}"
micro,908,async2,occupancy,micro-908-async2-occupancy,152,7,False,3,0,queue_admission_failure,"{""queue_admission_failure"": 3}"
micro,908,async2,occupancy,micro-908-async2-occupancy,152,8,False,3,0,deadline_expiry,"{""deadline_expiry"": 3}"
micro,908,async2,occupancy,micro-908-async2-occupancy,152,9,False,3,0,queue_admission_failure,"{""queue_admission_failure"": 3}"
micro,908,async2,occupancy,micro-908-async2-occupancy,152,10,False,3,0,queue_admission_failure,"{""queue_admission_failure"": 3}"
micro,908,async2,occupancy,micro-908-async2-occupancy,152,11,False,3,0,queue_admission_failure,"{""queue_admission_failure"": 3}"
micro,907,async2,occupancy,micro-907-async2-occupancy,153,2,False,3,0,queue_admission_failure,"{""queue_admission_failure"": 3}"
micro,907,async2,occupancy,micro-907-async2-occupancy,153,3,False,3,0,queue_admission_failure,"{""queue_admission_failure"": 3}"
micro,907,async2,occupancy,micro-907-async2-occupancy,153,4,False,3,0,queue_admission_failure,"{""queue_admission_failure"": 3}"
micro,907,async2,occupancy,micro-907-async2-occupancy,153,5,False,3,0,queue_admission_failure,"{""queue_admission_failure"": 3}"
micro,907,async2,occupancy,micro-907-async2-occupancy,153,6,False,3,0,queue_admission_failure,"{""queue_admission_failure"": 3}"
micro,907,async2,occupancy,micro-907-async2-occupancy,153,7,False,3,0,queue_admission_failure,"{""queue_admission_failure"": 3}"
micro,907,async2,occupancy,micro-907-async2-occupancy,153,8,True,3,3,none,{}
micro,907,async2,occupancy,micro-907-async2-occupancy,153,9,False,3,0,queue_admission_failure,"{""queue_admission_failure"": 3}"
micro,907,async2,occupancy,micro-907-async2-occupancy,153,10,False,3,0,queue_admission_failure,"{""queue_admission_failure"": 3}"
micro,907,async2,occupancy,micro-907-async2-occupancy,153,11,False,3,0,queue_admission_failure,"{""queue_admission_failure"": 3}"
micro,907,async2,normal,micro-907-async2-normal,154,2,False,3,0,deadline_expiry,"{""deadline_expiry"": 3}"
micro,907,async2,normal,micro-907-async2-normal,154,3,False,3,0,deadline_expiry,"{""deadline_expiry"": 3}"
micro,907,async2,normal,micro-907-async2-normal,154,4,False,3,0,queue_admission_failure,"{""queue_admission_failure"": 3}"
micro,907,async2,normal,micro-907-async2-normal,154,5,False,3,0,deadline_expiry,"{""deadline_expiry"": 3}"
micro,907,async2,normal,micro-907-async2-normal,154,6,False,3,0,queue_admission_failure,"{""queue_admission_failure"": 3}"
micro,907,async2,normal,micro-907-async2-normal,154,7,False,3,0,queue_admission_failure,"{""queue_admission_failure"": 3}"
micro,907,async2,normal,micro-907-async2-normal,154,8,False,3,0,queue_admission_failure,"{""queue_admission_failure"": 3}"
micro,907,async2,normal,micro-907-async2-normal,154,9,False,3,0,queue_admission_failure,"{""queue_admission_failure"": 3}"
micro,907,async2,normal,micro-907-async2-normal,154,10,True,3,3,none,{}
micro,907,async2,normal,micro-907-async2-normal,154,11,False,3,0,queue_admission_failure,"{""queue_admission_failure"": 3}"
micro,906,async2,normal,micro-906-async2-normal,155,2,False,3,0,deadline_expiry,"{""deadline_expiry"": 3}"
micro,906,async2,normal,micro-906-async2-normal,155,3,False,3,0,deadline_expiry,"{""deadline_expiry"": 3}"
micro,906,async2,normal,micro-906-async2-normal,155,4,False,3,0,queue_admission_failure,"{""queue_admission_failure"": 3}"
micro,906,async2,normal,micro-906-async2-normal,155,5,False,3,0,deadline_expiry,"{""deadline_expiry"": 3}"
micro,906,async2,normal,micro-906-async2-normal,155,6,False,3,0,queue_admission_failure,"{""queue_admission_failure"": 3}"
micro,906,async2,normal,micro-906-async2-normal,155,7,False,3,0,queue_admission_failure,"{""queue_admission_failure"": 3}"
micro,906,async2,normal,micro-906-async2-normal,155,8,False,3,0,deadline_expiry,"{""deadline_expiry"": 3}"
micro,906,async2,normal,micro-906-async2-normal,155,9,False,3,0,queue_admission_failure,"{""queue_admission_failure"": 3}"
micro,906,async2,normal,micro-906-async2-normal,155,10,False,3,0,queue_admission_failure,"{""queue_admission_failure"": 3}"
micro,906,async2,normal,micro-906-async2-normal,155,11,False,3,0,queue_admission_failure,"{""queue_admission_failure"": 3}"
micro,908,async2,normal,micro-908-async2-normal,156,2,False,3,0,deadline_expiry,"{""deadline_expiry"": 3}"
micro,908,async2,normal,micro-908-async2-normal,156,3,False,3,0,deadline_expiry,"{""deadline_expiry"": 3}"
micro,908,async2,normal,micro-908-async2-normal,156,4,False,3,0,queue_admission_failure,"{""queue_admission_failure"": 3}"
micro,908,async2,normal,micro-908-async2-normal,156,5,False,3,0,deadline_expiry,"{""deadline_expiry"": 3}"
micro,908,async2,normal,micro-908-async2-normal,156,6,False,3,0,queue_admission_failure,"{""queue_admission_failure"": 3}"
micro,908,async2,normal,micro-908-async2-normal,156,7,False,3,0,queue_admission_failure,"{""queue_admission_failure"": 3}"
micro,908,async2,normal,micro-908-async2-normal,156,8,False,3,0,queue_admission_failure,"{""queue_admission_failure"": 3}"
micro,908,async2,normal,micro-908-async2-normal,156,9,False,3,0,deadline_expiry,"{""deadline_expiry"": 3}"
micro,908,async2,normal,micro-908-async2-normal,156,10,False,3,0,queue_admission_failure,"{""queue_admission_failure"": 3}"
micro,908,async2,normal,micro-908-async2-normal,156,11,False,3,0,queue_admission_failure,"{""queue_admission_failure"": 3}"
micro,908,async2,cpu,micro-908-async2-cpu,157,2,False,3,0,deadline_expiry,"{""deadline_expiry"": 3}"
micro,908,async2,cpu,micro-908-async2-cpu,157,3,False,3,0,deadline_expiry,"{""deadline_expiry"": 3}"
micro,908,async2,cpu,micro-908-async2-cpu,157,4,False,3,0,queue_admission_failure,"{""queue_admission_failure"": 3}"
micro,908,async2,cpu,micro-908-async2-cpu,157,5,False,3,0,queue_admission_failure,"{""queue_admission_failure"": 3}"
micro,908,async2,cpu,micro-908-async2-cpu,157,6,False,3,0,deadline_expiry,"{""deadline_expiry"": 3}"
micro,908,async2,cpu,micro-908-async2-cpu,157,7,False,3,0,queue_admission_failure,"{""queue_admission_failure"": 3}"
micro,908,async2,cpu,micro-908-async2-cpu,157,8,False,3,0,queue_admission_failure,"{""queue_admission_failure"": 3}"
micro,908,async2,cpu,micro-908-async2-cpu,157,9,False,3,0,queue_admission_failure,"{""queue_admission_failure"": 3}"
micro,908,async2,cpu,micro-908-async2-cpu,157,10,False,3,0,queue_admission_failure,"{""queue_admission_failure"": 3}"
micro,908,async2,cpu,micro-908-async2-cpu,157,11,False,3,0,deadline_expiry,"{""deadline_expiry"": 3}"
micro,906,async2,occupancy,micro-906-async2-occupancy,158,2,False,3,0,queue_admission_failure,"{""queue_admission_failure"": 3}"
micro,906,async2,occupancy,micro-906-async2-occupancy,158,3,False,3,0,queue_admission_failure,"{""queue_admission_failure"": 3}"
micro,906,async2,occupancy,micro-906-async2-occupancy,158,4,False,3,0,queue_admission_failure,"{""queue_admission_failure"": 3}"
micro,906,async2,occupancy,micro-906-async2-occupancy,158,5,False,3,0,queue_admission_failure,"{""queue_admission_failure"": 3}"
micro,906,async2,occupancy,micro-906-async2-occupancy,158,6,False,3,0,queue_admission_failure,"{""queue_admission_failure"": 3}"
micro,906,async2,occupancy,micro-906-async2-occupancy,158,7,False,3,0,queue_admission_failure,"{""queue_admission_failure"": 3}"
micro,906,async2,occupancy,micro-906-async2-occupancy,158,8,True,3,3,none,{}
micro,906,async2,occupancy,micro-906-async2-occupancy,158,9,False,3,0,queue_admission_failure,"{""queue_admission_failure"": 3}"
micro,906,async2,occupancy,micro-906-async2-occupancy,158,10,False,3,0,queue_admission_failure,"{""queue_admission_failure"": 3}"
micro,906,async2,occupancy,micro-906-async2-occupancy,158,11,False,3,0,queue_admission_failure,"{""queue_admission_failure"": 3}"
micro,906,async2,memory,micro-906-async2-memory,159,2,False,3,0,deadline_expiry,"{""deadline_expiry"": 3}"
micro,906,async2,memory,micro-906-async2-memory,159,3,False,3,0,deadline_expiry,"{""deadline_expiry"": 3}"
micro,906,async2,memory,micro-906-async2-memory,159,4,False,3,0,queue_admission_failure,"{""queue_admission_failure"": 3}"
micro,906,async2,memory,micro-906-async2-memory,159,5,False,3,0,queue_admission_failure,"{""queue_admission_failure"": 3}"
micro,906,async2,memory,micro-906-async2-memory,159,6,False,3,0,deadline_expiry,"{""deadline_expiry"": 3}"
micro,906,async2,memory,micro-906-async2-memory,159,7,False,3,0,queue_admission_failure,"{""queue_admission_failure"": 3}"
micro,906,async2,memory,micro-906-async2-memory,159,8,False,3,0,queue_admission_failure,"{""queue_admission_failure"": 3}"
micro,906,async2,memory,micro-906-async2-memory,159,9,False,3,0,queue_admission_failure,"{""queue_admission_failure"": 3}"
micro,906,async2,memory,micro-906-async2-memory,159,10,False,3,0,queue_admission_failure,"{""queue_admission_failure"": 3}"
micro,906,async2,memory,micro-906-async2-memory,159,11,False,3,2,deadline_expiry,"{""deadline_expiry"": 1}"
micro,907,async2,memory,micro-907-async2-memory,160,2,False,3,0,deadline_expiry,"{""deadline_expiry"": 3}"
micro,907,async2,memory,micro-907-async2-memory,160,3,False,3,0,deadline_expiry,"{""deadline_expiry"": 3}"
micro,907,async2,memory,micro-907-async2-memory,160,4,False,3,0,queue_admission_failure,"{""queue_admission_failure"": 3}"
micro,907,async2,memory,micro-907-async2-memory,160,5,False,3,0,queue_admission_failure,"{""queue_admission_failure"": 3}"
micro,907,async2,memory,micro-907-async2-memory,160,6,False,3,0,deadline_expiry,"{""deadline_expiry"": 3}"
micro,907,async2,memory,micro-907-async2-memory,160,7,False,3,0,queue_admission_failure,"{""queue_admission_failure"": 3}"
micro,907,async2,memory,micro-907-async2-memory,160,8,False,3,0,queue_admission_failure,"{""queue_admission_failure"": 3}"
micro,907,async2,memory,micro-907-async2-memory,160,9,False,3,0,queue_admission_failure,"{""queue_admission_failure"": 3}"
micro,907,async2,memory,micro-907-async2-memory,160,10,False,3,0,deadline_expiry,"{""deadline_expiry"": 3}"
micro,907,async2,memory,micro-907-async2-memory,160,11,False,3,0,queue_admission_failure,"{""queue_admission_failure"": 3}"
micro,906,async2,cpu,micro-906-async2-cpu,161,2,False,3,0,deadline_expiry,"{""deadline_expiry"": 3}"
micro,906,async2,cpu,micro-906-async2-cpu,161,3,False,3,0,deadline_expiry,"{""deadline_expiry"": 3}"
micro,906,async2,cpu,micro-906-async2-cpu,161,4,False,3,0,queue_admission_failure,"{""queue_admission_failure"": 3}"
micro,906,async2,cpu,micro-906-async2-cpu,161,5,False,3,0,queue_admission_failure,"{""queue_admission_failure"": 3}"
micro,906,async2,cpu,micro-906-async2-cpu,161,6,False,3,0,queue_admission_failure,"{""queue_admission_failure"": 3}"
micro,906,async2,cpu,micro-906-async2-cpu,161,7,False,3,0,deadline_expiry,"{""deadline_expiry"": 3}"
micro,906,async2,cpu,micro-906-async2-cpu,161,8,False,3,0,queue_admission_failure,"{""queue_admission_failure"": 3}"
micro,906,async2,cpu,micro-906-async2-cpu,161,9,False,3,0,queue_admission_failure,"{""queue_admission_failure"": 3}"
micro,906,async2,cpu,micro-906-async2-cpu,161,10,False,3,0,queue_admission_failure,"{""queue_admission_failure"": 3}"
micro,906,async2,cpu,micro-906-async2-cpu,161,11,False,3,0,deadline_expiry,"{""deadline_expiry"": 3}"
