seed,mode,condition,kind,run_id,measured_epochs,complete_fraction,partial_fraction,requested_branches,admitted_branches,accepted_branches,complete_records_per_s,max_active,max_queued,max_pending
1501,warm1,moderate,factorial,factorial-1501-warm1-moderate,180,0.2111111111111111,0.11666666666666667,360,360,97,0.6577846327711633,6,3,2
1501,warm2,moderate,factorial,factorial-1501-warm2-moderate,180,0.11666666666666667,0.15555555555555556,540,540,101,0.39431060716260075,9,6,2
1501,cold2,severe,factorial,factorial-1501-cold2-severe,180,0.0,0.0,540,440,0,0.0,12,9,8
1501,cold2,normal,factorial,factorial-1501-cold2-normal,180,0.0,0.0,540,452,0,0.0,12,9,8
1501,k0,cpu,factorial,factorial-1501-k0-cpu,180,,,0,0,0,0.0,0,0,0
1501,cold2,storage,factorial,factorial-1501-cold2-storage,180,0.0,0.0,540,489,0,0.0,12,9,8
1501,warm1,cpu,factorial,factorial-1501-warm1-cpu,180,0.7222222222222222,0.06111111111111111,360,360,271,2.718679534505896,3,2,2
1501,cold1,moderate,factorial,factorial-1501-cold1-moderate,180,0.0,0.0,360,332,0,0.0,12,9,8
1501,warm2,storage,factorial,factorial-1501-warm2-storage,180,0.6055555555555555,0.17222222222222222,540,540,379,1.926851287138119,6,3,2
1501,cold1,normal,factorial,factorial-1501-cold1-normal,180,0.0,0.0,360,335,0,0.0,12,9,8
1501,cold1,cpu,factorial,factorial-1501-cold1-cpu,180,0.0,0.0,360,340,0,0.0,12,9,8
1501,cold1,storage,factorial,factorial-1501-cold1-storage,180,0.0,0.0,360,348,0,0.0,12,9,8
1501,warm2,memory,factorial,factorial-1501-warm2-memory,180,0.9555555555555556,0.0,540,528,516,11.746690976062064,12,9,7
1501,warm1,memory,factorial,factorial-1501-warm1-memory,180,1.0,0.0,360,360,360,24.631999645422226,4,2,6
1501,warm2,cpu,factorial,factorial-1501-warm2-cpu,180,0.9888888888888889,0.0,540,534,534,23.82823349237712,12,9,6
1501,cold1,memory,factorial,factorial-1501-cold1-memory,180,0.0,0.0,360,195,0,0.0,12,9,8
1501,k0,normal,factorial,factorial-1501-k0-normal,180,,,0,0,0,0.0,0,0,0
1501,warm1,severe,factorial,factorial-1501-warm1-severe,180,0.0,0.0,360,185,0,0.0,12,9,8
1501,cold2,moderate,factorial,factorial-1501-cold2-moderate,180,0.0,0.0,540,187,0,0.0,12,9,8
1501,warm1,storage,factorial,factorial-1501-warm1-storage,180,0.95,0.016666666666666666,360,352,345,22.915737512283265,12,9,8
1501,warm1,normal,factorial,factorial-1501-warm1-normal,180,1.0,0.0,360,360,360,24.577415033394654,6,3,6
1501,k0,storage,factorial,factorial-1501-k0-storage,180,,,0,0,0,0.0,0,0,0
1501,cold2,cpu,factorial,factorial-1501-cold2-cpu,180,0.0,0.0,540,199,0,0.0,12,9,8
1501,cold2,memory,factorial,factorial-1501-cold2-memory,180,0.0,0.0,540,198,0,0.0,12,9,8
1501,k0,memory,factorial,factorial-1501-k0-memory,180,,,0,0,0,0.0,0,0,0
1501,warm2,normal,factorial,factorial-1501-warm2-normal,180,0.9888888888888889,0.0,540,534,534,24.097909725498173,12,9,6
1501,cold1,severe,factorial,factorial-1501-cold1-severe,180,0.0,0.0,360,188,0,0.0,12,9,8
1501,warm2,severe,factorial,factorial-1501-warm2-severe,180,0.0,0.0,540,191,0,0.0,12,9,8
1502,warm1,severe,factorial,factorial-1502-warm1-severe,180,0.0,0.0,360,186,0,0.0,12,9,8
1502,warm2,normal,factorial,factorial-1502-warm2-normal,180,0.9944444444444445,0.0,540,537,537,24.515614159940537,12,9,5
1502,cold1,cpu,factorial,factorial-1502-cold1-cpu,180,0.0,0.0,360,194,0,0.0,12,9,8
1502,warm1,normal,factorial,factorial-1502-warm1-normal,180,1.0,0.0,360,360,360,24.715245849317984,8,5,6
1502,cold2,normal,factorial,factorial-1502-cold2-normal,180,0.0,0.0,540,201,0,0.0,12,9,8
1502,k0,cpu,factorial,factorial-1502-k0-cpu,180,,,0,0,0,0.0,0,0,0
1502,k0,normal,factorial,factorial-1502-k0-normal,180,,,0,0,0,0.0,0,0,0
1502,warm2,cpu,factorial,factorial-1502-warm2-cpu,180,0.9888888888888889,0.0,540,534,534,24.399080626122124,12,9,6
1502,cold1,moderate,factorial,factorial-1502-cold1-moderate,180,0.0,0.0,360,186,0,0.0,12,9,8
1502,warm2,moderate,factorial,factorial-1502-warm2-moderate,180,0.0,0.0,540,223,0,0.0,12,9,8
1502,cold2,severe,factorial,factorial-1502-cold2-severe,180,0.0,0.0,540,193,0,0.0,12,9,8
1502,cold1,storage,factorial,factorial-1502-cold1-storage,180,0.0,0.0,360,189,0,0.0,12,9,8
1502,warm1,storage,factorial,factorial-1502-warm1-storage,180,1.0,0.0,360,360,360,24.677928561013243,10,7,7
1502,warm2,memory,factorial,factorial-1502-warm2-memory,180,0.9555555555555556,0.005555555555555556,540,525,517,23.49109388750715,12,9,8
1502,warm1,moderate,factorial,factorial-1502-warm1-moderate,180,0.0,0.0,360,210,0,0.0,12,9,8
1502,warm1,cpu,factorial,factorial-1502-warm1-cpu,180,1.0,0.0,360,360,360,24.55804808471289,6,3,7
1502,cold2,storage,factorial,factorial-1502-cold2-storage,180,0.0,0.0,540,194,0,0.0,12,9,8
1502,warm1,memory,factorial,factorial-1502-warm1-memory,180,1.0,0.0,360,360,360,24.757289355086677,4,2,5
1502,k0,storage,factorial,factorial-1502-k0-storage,180,,,0,0,0,0.0,0,0,0
1502,cold2,memory,factorial,factorial-1502-cold2-memory,180,0.0,0.0,540,210,0,0.0,12,9,8
1502,cold1,memory,factorial,factorial-1502-cold1-memory,180,0.0,0.0,360,201,0,0.0,12,9,8
1502,cold2,cpu,factorial,factorial-1502-cold2-cpu,180,0.0,0.0,540,204,0,0.0,12,9,8
1502,cold1,severe,factorial,factorial-1502-cold1-severe,180,0.0,0.0,360,194,0,0.0,12,9,8
1502,warm2,severe,factorial,factorial-1502-warm2-severe,180,0.0,0.0,540,192,0,0.0,12,9,8
1502,warm2,storage,factorial,factorial-1502-warm2-storage,180,0.95,0.005555555555555556,540,525,515,22.76952358736823,12,9,8
1502,cold1,normal,factorial,factorial-1502-cold1-normal,180,0.0,0.0,360,201,0,0.0,12,9,8
1502,cold2,moderate,factorial,factorial-1502-cold2-moderate,180,0.0,0.0,540,185,0,0.0,12,9,8
1502,k0,memory,factorial,factorial-1502-k0-memory,180,,,0,0,0,0.0,0,0,0
1503,warm1,storage,factorial,factorial-1503-warm1-storage,180,1.0,0.0,360,360,360,24.710250911023035,4,2,7
1503,warm2,moderate,factorial,factorial-1503-warm2-moderate,180,0.0,0.0,540,223,0,0.0,12,9,8
1503,cold1,normal,factorial,factorial-1503-cold1-normal,180,0.0,0.0,360,196,0,0.0,12,9,8
1503,warm2,storage,factorial,factorial-1503-warm2-storage,180,0.9833333333333333,0.0,540,531,531,24.204774815529685,12,9,7
1503,warm1,moderate,factorial,factorial-1503-warm1-moderate,180,0.0,0.0,360,210,0,0.0,12,9,8
1503,cold2,moderate,factorial,factorial-1503-cold2-moderate,180,0.0,0.0,540,193,0,0.0,12,9,8
1503,warm1,severe,factorial,factorial-1503-warm1-severe,180,0.0,0.0,360,186,0,0.0,12,9,8
1503,k0,storage,factorial,factorial-1503-k0-storage,180,,,0,0,0,0.0,0,0,0
1503,warm2,severe,factorial,factorial-1503-warm2-severe,180,0.0,0.0,540,191,0,0.0,12,9,8
1503,cold2,cpu,factorial,factorial-1503-cold2-cpu,180,0.0,0.0,540,201,0,0.0,12,9,8
1503,warm1,memory,factorial,factorial-1503-warm1-memory,180,1.0,0.0,360,360,360,24.72253170662222,5,2,6
1503,cold1,severe,factorial,factorial-1503-cold1-severe,180,0.0,0.0,360,197,0,0.0,12,9,8
1503,warm2,normal,factorial,factorial-1503-warm2-normal,180,0.9944444444444445,0.0,540,537,537,24.58967907068675,12,9,5
1503,cold2,memory,factorial,factorial-1503-cold2-memory,180,0.0,0.0,540,208,0,0.0,12,9,8
1503,k0,cpu,factorial,factorial-1503-k0-cpu,180,,,0,0,0,0.0,0,0,0
1503,warm2,cpu,factorial,factorial-1503-warm2-cpu,180,0.9944444444444445,0.0,540,537,537,24.522400420606555,12,9,5
1503,warm1,normal,factorial,factorial-1503-warm1-normal,180,1.0,0.0,360,360,360,24.616162854158983,7,3,4
1503,k0,normal,factorial,factorial-1503-k0-normal,180,,,0,0,0,0.0,0,0,0
1503,cold2,normal,factorial,factorial-1503-cold2-normal,180,0.0,0.0,540,210,0,0.0,12,9,8
1503,cold1,moderate,factorial,factorial-1503-cold1-moderate,180,0.0,0.0,360,186,0,0.0,12,9,8
1503,cold1,cpu,factorial,factorial-1503-cold1-cpu,180,0.0,0.0,360,197,0,0.0,12,9,8
1503,warm2,memory,factorial,factorial-1503-warm2-memory,180,0.9944444444444445,0.0,540,537,537,24.59531177980018,12,9,5
1503,cold2,severe,factorial,factorial-1503-cold2-severe,180,0.0,0.0,540,196,0,0.0,12,9,8
1503,warm1,cpu,factorial,factorial-1503-warm1-cpu,180,1.0,0.0,360,360,360,24.70118125475536,8,5,5
1503,k0,memory,factorial,factorial-1503-k0-memory,180,,,0,0,0,0.0,0,0,0
1503,cold1,memory,factorial,factorial-1503-cold1-memory,180,0.0,0.0,360,200,0,0.0,12,9,8
1503,cold1,storage,factorial,factorial-1503-cold1-storage,180,0.0,0.0,360,187,0,0.0,12,9,8
1503,cold2,storage,factorial,factorial-1503-cold2-storage,180,0.0,0.0,540,193,0,0.0,12,9,8
1510,warm2,long-normal,long,long-1510-warm2-long-normal,2980,0.9993288590604027,0.0003355704697986577,8940,8937,8936,24.75559212194738,12,9,8
1511,warm2,long-saturation,long,long-1511-warm2-long-saturation,980,0.0,0.0,2940,1207,0,0.0,12,11,8
