kind,seed,mode,condition,median_cadence_ms,p95_cadence_ms,p99_cadence_ms,complete_fraction,partial_fraction,late_target_intervals,production_failures,max_active,max_queued
primary,903,sync2,normal,163.3756499941228,187.9655700075091,189.28799400833668,1.0,0.0,10,0,0,0
primary,902,sync2,normal,170.9953499957919,188.50407500140136,190.07745500624878,1.0,0.0,10,0,0,0
primary,902,sync1,severe,273.23549998982344,291.44970000197645,291.70961999043357,1.0,0.0,10,0,0,0
primary,905,sync2,normal,150.90940000663977,177.83805000362918,178.6635300028138,1.0,0.0,10,0,0,0
primary,904,async1,timeout,40.44024999893736,40.627170010702685,40.62767401454039,0.1,0.0,10,0,12,9
primary,903,sync2,severe,275.9296499862103,293.3770199859282,297.7878839819459,1.0,0.0,10,0,0,0
primary,903,async1,timeout,40.487250007572584,40.90326000005007,41.139131993986666,0.0,0.1,10,0,12,9
primary,902,async1,saturation,40.26714999054093,40.50110500538722,40.50654100487009,0.1,0.0,10,0,2,0
primary,903,async1,saturation,40.164200006984174,40.45398499438306,40.47439699264942,0.1,0.0,10,0,2,2
primary,901,sync1,crash,141.83685000170954,161.57568499911574,169.64929699432105,0.9,0.1,10,0,0,0
primary,902,async2,crash,40.52209999645129,40.92602501477813,41.13392501574708,0.0,0.0,10,0,12,9
primary,905,async1,normal,40.43564999301452,40.65815001522424,40.69739001017297,0.0,0.1,10,0,12,9
primary,905,async1,moderate,40.46099999686703,40.73788500827504,40.807977007643785,0.0,0.0,10,0,12,9
primary,901,k0,timeout,40.47320000245236,47.9289949958911,52.74179899308365,0.0,0.0,10,0,0,0
primary,903,sync2,timeout,151.06160000141244,410.9346650031507,578.4470929988311,0.9,0.1,10,0,0,0
primary,903,sync1,moderate,187.73849999706727,204.29611499421296,209.54322300851345,1.0,0.0,10,0,0,0
primary,903,sync1,normal,141.51325001148507,160.7268150037271,165.36768300138647,1.0,0.0,10,0,0,0
primary,905,sync1,normal,147.02664999640547,165.61584999144543,170.0643699808279,1.0,0.0,10,0,0,0
primary,904,k0,saturation,40.42439998011105,40.547800007334445,40.57084000465693,0.0,0.0,10,0,0,0
primary,902,k0,timeout,40.44584999792278,43.35576000303262,45.10723200190114,0.0,0.0,10,0,0,0
primary,905,k0,timeout,40.32775001542177,40.604144996905234,40.630749000411015,0.0,0.0,10,0,0,0
primary,902,sync2,timeout,156.66125000279862,428.2742400129787,592.313568018144,0.9,0.1,10,0,0,0
primary,904,sync2,timeout,171.2540500011528,426.01956500875485,581.0248730084277,0.9,0.1,10,0,0,0
primary,903,async1,normal,40.2771500084782,40.45347999344813,40.471335993206594,0.1,0.0,10,0,12,9
primary,903,async2,saturation,40.44015001272783,40.793714980827644,40.92090298538096,0.1,0.0,10,0,3,0
primary,901,sync2,timeout,151.90675000485498,422.7708900041757,585.1855380120105,0.9,0.1,10,0,0,0
primary,902,async2,severe,40.369449998252094,40.5632100024377,40.564001997991,0.0,0.0,10,0,12,9
primary,902,sync2,severe,280.2089999895543,304.7083199926419,305.7999839860713,1.0,0.0,10,0,0,0
primary,902,sync1,moderate,188.15644999267533,207.61257501289944,213.06675502186408,1.0,0.0,10,0,0,0
primary,902,k0,saturation,40.40924999571871,40.59849500335986,40.60673901374685,0.0,0.0,10,0,0,0
primary,905,k0,saturation,40.22370000893716,40.43652499531163,40.468024994188454,0.0,0.0,10,0,0,0
primary,903,async2,moderate,40.30829999828711,40.49529500043718,40.50569900631672,0.0,0.0,10,0,12,9
primary,903,sync1,saturation,263.22644999891054,278.6616099954699,280.84832199761877,1.0,0.0,10,0,0,0
primary,901,async2,moderate,40.44240000075661,40.66002498730086,40.72464497643523,0.0,0.0,10,0,12,9
primary,904,async1,normal,40.5109999992419,40.630879990931135,40.63433598581469,0.1,0.0,10,0,12,9
primary,905,async1,saturation,40.404950006632134,40.56806498556398,40.57897298480384,0.1,0.0,10,0,2,0
primary,902,async1,timeout,40.34335000324063,40.5482350019156,40.551726997073274,0.1,0.0,10,0,12,9
primary,901,async2,timeout,40.49614998803008,40.5563949898351,40.56103898328729,0.0,0.0,10,0,12,9
primary,903,k0,moderate,40.34469999896828,40.52999499253929,40.53607899695635,0.0,0.0,10,0,0,0
primary,902,async2,moderate,40.4992499970831,40.671729992027394,40.73530599416699,0.0,0.0,10,0,12,9
primary,901,sync1,severe,262.75344999157824,282.17732998746214,286.59546598646557,1.0,0.0,10,0,0,0
primary,904,k0,crash,40.27254998800345,40.48594501509797,40.53846901690122,0.0,0.0,10,0,0,0
primary,902,sync2,moderate,214.00595000886824,240.69492499984335,244.23210500681307,1.0,0.0,10,0,0,0
primary,903,k0,saturation,40.19775000051595,40.551789999881294,40.556038000795525,0.0,0.0,10,0,0,0
primary,905,sync1,timeout,139.4138000177918,405.58271500631184,575.1640630082693,0.9,0.1,10,0,0,0
primary,904,sync2,normal,153.73215000727214,163.71299499296583,163.98259899229743,1.0,0.0,10,0,0,0
primary,903,k0,severe,40.344700013520196,40.71527000487549,40.81801400141558,0.0,0.0,10,0,0,0
primary,905,sync2,severe,284.15264999784995,302.3937949925312,311.32787899143295,1.0,0.0,10,0,0,0
primary,905,k0,moderate,40.37435000645928,40.460545010864735,40.500829024240375,0.0,0.0,10,0,0,0
primary,904,k0,normal,40.36834998987615,40.50150501425378,40.50190101726912,0.0,0.0,10,0,0,0
primary,905,async1,crash,40.5260000115959,40.83261999330716,40.96596399234841,0.1,0.0,10,0,12,9
primary,901,sync2,moderate,197.0275500061689,220.05471000593386,228.30094200588064,1.0,0.0,10,0,0,0
primary,901,sync2,severe,281.72664999146946,296.8828249940998,305.13096498762025,1.0,0.0,10,0,0,0
primary,902,async2,timeout,40.54490000999067,48.63155499187995,53.8969509882736,0.0,0.0,10,0,12,9
primary,903,k0,timeout,40.2555499895243,40.47783500282094,40.5108470027335,0.0,0.0,10,0,0,0
primary,901,k0,normal,40.283499998622574,41.52612500911346,42.208505018788856,0.0,0.0,10,0,0,0
primary,903,async1,severe,40.45145001146011,40.54734999954235,40.559949990711175,0.0,0.0,10,0,12,9
primary,904,sync2,crash,156.63280000444502,172.68711000360778,178.35286201006966,0.9,0.1,10,0,0,0
primary,905,async1,severe,40.4932500096038,40.5731949955225,40.58503900188953,0.0,0.0,10,0,12,9
primary,902,async1,moderate,40.514549997169524,41.400779991818126,41.93919599492801,0.0,0.0,10,0,11,8
primary,901,k0,moderate,40.361649997066706,51.38008000649277,58.50721601367695,0.0,0.0,10,0,0,0
primary,902,k0,severe,40.41575001610909,40.6577199959429,40.6722640019143,0.0,0.0,10,0,0,0
primary,901,sync1,moderate,190.27635001111776,205.1284450048115,208.43248901772313,1.0,0.0,10,0,0,0
primary,901,sync2,crash,163.86505000991747,184.76896999491146,185.43475400394527,0.9,0.1,10,0,0,0
primary,901,k0,saturation,40.463550001732074,40.58832500013523,40.59318499523215,0.0,0.0,10,0,0,0
primary,901,async1,moderate,40.33425000670832,40.582269987498876,40.597173985734116,0.0,0.0,10,0,12,9
primary,901,async2,severe,40.43624999758322,40.60822501051007,40.62316500901943,0.0,0.0,10,0,12,9
primary,902,k0,crash,40.339750004932284,40.4969599811011,40.50891197781311,0.0,0.0,10,0,0,0
primary,902,async2,saturation,40.48704999149777,42.488595002214424,43.70859900896903,0.0,0.0,10,0,3,0
primary,904,sync1,moderate,181.59069999819621,190.60652000043774,195.01810401241528,1.0,0.0,10,0,0,0
primary,901,k0,crash,40.47409999475349,40.6036399959703,40.62696799548576,0.0,0.0,10,0,0,0
primary,905,async2,normal,40.52209999645129,40.601280007103924,40.62633601977723,0.0,0.0,10,0,12,9
primary,901,async1,saturation,40.44830000202637,40.55429500003811,40.56109898898285,0.1,0.0,10,0,2,1
primary,903,async1,moderate,40.36529999575578,40.627795006730594,40.63531900115777,0.0,0.0,10,0,12,9
primary,904,sync2,severe,276.3779499946395,281.56975499441614,281.5798709981027,1.0,0.0,10,0,0,0
primary,901,sync1,timeout,137.70174999081064,409.2175099896844,579.9828619862092,0.9,0.1,10,0,0,0
primary,902,async2,normal,40.49805000249762,40.904484993370716,41.11497699312167,0.0,0.0,10,0,12,9
primary,905,sync1,crash,142.84514999599196,161.68610999593508,168.6867419932969,0.9,0.1,10,0,0,0
primary,903,sync1,timeout,137.75939999322873,407.4049850038131,579.2245970023214,0.9,0.1,10,0,0,0
primary,902,async1,normal,40.48384999623522,40.55487000150606,40.5668940092437,0.1,0.0,10,0,12,9
primary,905,async2,saturation,40.42604999267496,40.53400500561111,40.555280999979004,0.1,0.0,10,0,3,0
primary,902,sync2,crash,148.89945001050364,164.8398300007102,168.96204598859185,0.9,0.1,10,0,0,0
primary,905,async1,timeout,40.42745000333525,40.613525004300755,40.618385009875055,0.1,0.0,10,0,12,9
primary,904,sync1,severe,266.0998500068672,285.00889998686034,291.85969999583904,1.0,0.0,10,0,0,0
primary,901,async2,normal,40.521749993786216,40.573640004731715,40.579688008874655,0.0,0.0,10,0,12,9
primary,902,k0,moderate,40.421950005111285,40.583485006936826,40.60173699923325,0.0,0.0,10,0,0,0
primary,904,sync1,timeout,146.94194999174215,418.04054000967835,584.3125880110892,0.9,0.1,10,0,0,0
primary,905,sync2,moderate,199.2735500098206,207.6226249933825,208.10268499219092,1.0,0.0,10,0,0,0
primary,903,sync2,saturation,283.03170000435784,312.8295699832961,317.3653539875522,1.0,0.0,10,0,0,0
primary,901,async2,saturation,40.5070500128204,40.55503499112092,40.57580698165111,0.0,0.0,10,0,3,0
primary,904,async1,saturation,40.340549996471964,40.44088999944506,40.44441799487686,0.1,0.0,10,0,2,2
primary,903,async2,severe,40.42089999711607,40.565394988516346,40.580838980386034,0.0,0.0,10,0,12,9
primary,904,async1,moderate,40.49104999285191,40.76288500946248,40.90281701675849,0.0,0.0,10,0,12,9
primary,905,sync2,timeout,169.5633499912219,434.53989001864056,594.8658180161146,0.9,0.1,10,0,0,0
primary,901,async1,severe,40.52154999226332,40.57501502102241,40.57548302458599,0.0,0.0,10,0,12,9
primary,901,async1,crash,40.523399991798215,40.59675001190044,40.62519001890905,0.1,0.0,10,0,12,9
primary,901,sync2,saturation,277.50724999350496,291.87147499615094,295.82085498812376,1.0,0.0,10,0,0,0
primary,904,async1,crash,40.41784998844378,45.81496499304193,49.08819300180767,0.1,0.0,10,0,12,9
primary,905,k0,normal,40.415849987766705,40.51778001303319,40.526996020344086,0.0,0.0,10,0,0,0
primary,902,sync1,crash,140.48319999710657,166.112004990282,169.41504098504083,0.9,0.1,10,0,0,0
primary,901,sync1,normal,144.06005000637379,153.739949996816,158.1272700021509,1.0,0.0,10,0,0,0
primary,904,async2,severe,40.32594998716377,40.56923499883851,40.59144701081095,0.0,0.0,10,0,12,9
primary,904,async2,normal,40.478200011420995,40.567234995251056,40.577927003323566,0.0,0.0,10,0,12,9
primary,904,sync1,saturation,271.8689000030281,307.1380149995093,310.7608029982657,1.0,0.0,10,0,0,0
primary,903,sync1,crash,161.8983000080334,186.86271998740267,189.08478399680462,0.9,0.1,10,0,0,0
primary,904,sync2,saturation,289.4712499983143,318.69538501341594,319.3544370130985,1.0,0.0,10,0,0,0
primary,903,sync1,severe,262.3437500005821,287.93123498908244,294.05112698557787,1.0,0.0,10,0,0,0
primary,905,async2,timeout,40.32455000560731,40.60184501140611,40.626289019419346,0.0,0.0,10,0,12,9
primary,904,async2,timeout,40.518900015740655,41.585814995050896,42.160122999048326,0.0,0.0,10,0,12,9
primary,903,async2,crash,40.44964999775402,40.66582500963705,40.73980501765618,0.0,0.0,10,0,12,9
primary,904,k0,moderate,40.338100006920286,40.683334988716524,40.79338699899381,0.0,0.0,10,0,0,0
primary,903,async1,crash,40.50370000186376,40.624944992305245,40.638588980946224,0.0,0.1,10,0,12,9
primary,904,async2,moderate,40.4895999818109,40.60319499258185,40.62511898140656,0.0,0.0,10,0,12,9
primary,904,sync2,moderate,221.8670000002021,261.55428998317797,277.9018179795821,1.0,0.0,10,0,0,0
primary,903,async2,normal,40.210049992310815,40.65725501423003,40.74585100781405,0.0,0.0,10,0,12,9
primary,905,sync2,crash,161.57845000270754,203.28323499415998,214.1976069950033,0.9,0.1,10,0,0,0
primary,905,k0,crash,40.29574999003671,40.608295012498274,40.636699019232765,0.0,0.0,10,0,0,0
primary,903,k0,crash,40.39860001648776,42.361994994280394,43.48911899578525,0.0,0.0,10,0,0,0
primary,901,async2,crash,40.45619998942129,40.86022501141997,40.92700500652427,0.0,0.0,10,0,12,9
primary,905,k0,severe,40.408700006082654,43.37639499863143,45.26743900205474,0.0,0.0,10,0,0,0
primary,902,sync1,normal,153.77220000664238,165.32958499301458,169.73911698936718,1.0,0.0,10,0,0,0
primary,904,sync1,normal,163.76345002208836,184.356849991309,185.49768999248045,1.0,0.0,10,0,0,0
primary,905,async2,crash,40.51854999852367,40.59650000272086,40.617380004550796,0.0,0.0,10,0,12,9
primary,902,sync1,timeout,151.8262000172399,423.14306499029,581.3545329804765,0.9,0.1,10,0,0,0
primary,903,k0,normal,40.427250001812354,40.72747000900563,40.73589401028585,0.0,0.0,10,0,0,0
primary,903,sync2,crash,172.0791499974439,178.7619399910909,179.13878800027305,0.9,0.1,10,0,0,0
primary,904,async2,saturation,40.42749998916406,40.58418999920832,40.601397994032595,0.0,0.0,10,0,3,0
primary,904,k0,severe,40.25839998212177,46.35436500393551,50.21079300058773,0.0,0.0,10,0,0,0
primary,905,sync1,severe,272.24600000772625,291.4770200048224,295.0836440062267,1.0,0.0,10,0,0,0
primary,902,async1,severe,40.47089999949094,40.621980000287294,40.62255600467324,0.0,0.0,10,0,12,9
primary,902,k0,normal,40.34975000831764,40.51919499179348,40.5569589859806,0.0,0.0,10,0,0,0
primary,901,k0,severe,40.42160000244621,40.63213499757694,40.69394699676195,0.0,0.0,10,0,0,0
primary,901,async1,normal,40.40865000570193,40.544824993412476,40.55976499192184,0.1,0.0,10,0,12,9
primary,905,sync1,saturation,270.3162499819882,275.67627499520313,275.69949498341884,1.0,0.0,10,0,0,0
primary,902,sync1,saturation,270.58655000291765,288.5138099969481,292.80724198935786,1.0,0.0,10,0,0,0
primary,901,sync1,saturation,267.44315000541974,275.0527099953615,277.06806199188577,1.0,0.0,10,0,0,0
primary,904,async2,crash,40.515999993658625,40.54955499887001,40.55319100560155,0.0,0.0,10,0,12,9
primary,905,sync1,moderate,191.8438000138849,208.3538699997007,211.8910139959189,1.0,0.0,10,0,0,0
primary,902,async1,crash,40.45405000215396,40.60283000144409,40.61528600199381,0.0,0.1,10,0,12,9
primary,901,sync2,normal,173.75514999730512,224.18777499260614,228.38411500008078,1.0,0.0,10,0,0,0
primary,903,async2,timeout,40.3280500031542,40.51217998494394,40.53435598616488,0.0,0.0,10,0,12,9
primary,904,k0,timeout,40.30919999058824,40.422259994375054,40.46373200631933,0.0,0.0,10,0,0,0
primary,905,async2,severe,40.32734999782406,40.53198500623694,40.580477008770686,0.0,0.0,10,0,12,9
primary,901,async1,timeout,40.5289000045741,40.87086000217823,41.0239320047549,0.0,0.1,10,0,12,9
primary,905,sync2,saturation,288.5303999937605,321.56892998900724,335.13826598471496,1.0,0.0,10,0,0,0
primary,902,sync2,saturation,286.0272499965504,298.24785498931305,300.23149099579314,1.0,0.0,10,0,0,0
primary,904,sync1,crash,148.96094999858178,180.75677499582525,184.57943499728572,0.9,0.1,10,0,0,0
primary,905,async2,moderate,40.4646499955561,40.55964499275433,40.571848991385195,0.0,0.0,10,0,12,9
primary,903,sync2,moderate,200.10390000243206,215.93116998119513,216.74743398354622,1.0,0.0,10,0,0,0
primary,904,async1,severe,40.32880000886507,40.5483499969705,40.55590998119442,0.0,0.0,10,0,12,9
micro,907,async2,cpu,40.41775000223424,40.86643500922946,41.03696701902663,0.0,0.0,10,0,12,9
micro,908,async2,memory,40.46075000951532,40.57460498006549,40.582200975040905,0.0,0.0,10,0,12,9
micro,908,async2,occupancy,40.41224998945836,40.6316000080551,40.651760004402604,0.0,0.0,10,0,3,0
micro,907,async2,occupancy,40.36590000032447,40.517555009864736,40.54135101294378,0.1,0.0,10,0,3,0
micro,907,async2,normal,40.33845000958536,40.57159499207046,40.57335898454767,0.1,0.0,10,0,12,9
micro,906,async2,normal,40.34165000484791,40.620649987249635,40.70668999280315,0.0,0.0,10,0,12,9
micro,908,async2,normal,40.43965000892058,41.393734989105724,41.9516269833548,0.0,0.0,10,0,12,9
micro,908,async2,cpu,40.52144999150187,40.60781000589486,40.61076200741809,0.0,0.0,10,0,12,9
micro,906,async2,occupancy,40.34069998306222,40.55011499876855,40.570742998679634,0.1,0.0,10,0,3,0
micro,906,async2,memory,40.40000001259614,40.54460500192363,40.56300099531654,0.0,0.1,10,0,12,9
micro,907,async2,memory,40.35490000387654,41.15995499305427,41.57327099703252,0.0,0.0,10,0,12,9
micro,906,async2,cpu,40.355149991228245,40.701255001476966,40.74809100187849,0.0,0.0,10,0,12,9
