series,action_pair,action_distance_label,error_taxonomy,anchors,share_of_group,fp,fn,tp,tn,gate_pass_rate,coverage_rate,median_mirror_absolute_error,median_alternative_absolute_error,median_estimated_gain,median_reference_gain,median_reference_improvement,median_queue_total,median_queue_imbalance_abs,median_choice_value_loss
calibration,EW_GREEN->BALANCED,balanced_directional,high_mirror_high_alternative,79,26.333333333333332,0,37,39,3,0.4936708860759494,0.9367088607594937,5.000000000000001,2.8,4.85,2.0,2.0,6.0,3.0,0.5
calibration,EW_GREEN->BALANCED,balanced_directional,intermediate,243,81.0,4,40,75,124,0.32510288065843623,0.6131687242798354,0.47499999999999964,0.4249999999999998,0.5833333333333335,0.0,0.0,6.0,3.0,0.08333333333333304
calibration,EW_GREEN->BALANCED,balanced_directional,low_mirror_low_alternative,100,33.333333333333336,0,0,36,64,0.36,1.0,0.0,0.0,-0.16666666666666674,-0.16666666666666674,-0.16666666666666674,6.0,3.0,0.16666666666666674
calibration,EW_GREEN->NS_GREEN,directional_reversal,high_mirror_high_alternative,3,0.75,0,0,3,0,1.0,0.3333333333333333,3.0,3.5,6.0,2.5,2.5,16.0,2.0,0.0
calibration,EW_GREEN->NS_GREEN,directional_reversal,intermediate,45,11.25,0,3,41,1,0.9111111111111111,0.26666666666666666,0.0,0.5,3.0,3.5,3.5,9.0,2.0,0.0
calibration,EW_GREEN->NS_GREEN,directional_reversal,low_mirror_high_alternative,1,0.25,0,0,1,0,1.0,0.0,0.0,2.833333333333332,7.0,9.833333333333332,9.833333333333332,19.0,1.0,0.0
calibration,EW_GREEN->NS_GREEN,directional_reversal,low_mirror_low_alternative,240,60.0,0,0,212,28,0.8833333333333333,1.0,0.0,0.0,1.833333333333333,1.833333333333333,1.833333333333333,5.0,3.0,0.0
calibration,NS_GREEN->BALANCED,balanced_directional,high_mirror_high_alternative,340,85.0,86,1,9,244,0.27941176470588236,0.4117647058823529,4.416666666666665,5.0,3.5,-1.424999999999999,-1.424999999999999,19.0,8.0,1.424999999999999
calibration,NS_GREEN->BALANCED,balanced_directional,intermediate,544,136.0,39,7,50,448,0.1636029411764706,0.5772058823529411,0.6666666666666679,0.75,-0.7916666666666661,-0.75,-0.75,18.0,9.5,0.75
calibration,NS_GREEN->BALANCED,balanced_directional,low_mirror_high_alternative,1,0.25,1,0,0,0,1.0,0.0,0.0,2.45,1.7999999999999998,-0.6500000000000004,-0.6500000000000004,6.0,0.0,0.6500000000000004
calibration,NS_GREEN->BALANCED,balanced_directional,low_mirror_low_alternative,508,127.0,0,0,31,477,0.0610236220472441,1.0,0.0,0.0,-1.0,-1.0,-1.0,19.0,9.0,1.0
calibration,NS_GREEN->EW_GREEN,directional_reversal,high_mirror_high_alternative,24,8.0,13,0,0,11,0.5416666666666666,0.0,2.0,6.0,4.25,-1.25,-1.25,33.0,17.0,1.25
calibration,NS_GREEN->EW_GREEN,directional_reversal,intermediate,29,9.666666666666666,26,1,0,2,0.896551724137931,0.10344827586206896,1.0,5.0,3.25,-1.75,-1.75,24,15,1.75
calibration,NS_GREEN->EW_GREEN,directional_reversal,low_mirror_low_alternative,3,1.0,0,0,0,3,0.0,1.0,0.0,0.0,0.0,0.0,0.0,23.0,23.0,0.0
heldout_evaluation,EW_GREEN->BALANCED,balanced_directional,high_mirror_high_alternative,100,33.333333333333336,0,41,56,3,0.56,0.94,5.374999999999999,2.425,5.05,2.0,2.0,7.0,3.0,0.5
heldout_evaluation,EW_GREEN->BALANCED,balanced_directional,intermediate,245,81.66666666666667,6,44,93,102,0.40408163265306124,0.5591836734693878,0.375,0.4166666666666665,0.666666666666667,0.27500000000000036,0.27500000000000036,6.0,3.0,0.0
heldout_evaluation,EW_GREEN->BALANCED,balanced_directional,low_mirror_low_alternative,106,35.333333333333336,0,0,43,63,0.4056603773584906,1.0,0.0,0.0,0.0,0.0,0.0,6.0,3.0,0.0
heldout_evaluation,EW_GREEN->NS_GREEN,directional_reversal,high_mirror_high_alternative,6,2.0,0,0,6,0,1.0,0.5,3.0,2.75,5.75,2.75,2.75,15.5,1.0,0.0
heldout_evaluation,EW_GREEN->NS_GREEN,directional_reversal,intermediate,64,21.333333333333332,0,5,58,1,0.90625,0.109375,0.0,0.5,3.0,2.5,2.5,7.0,1.0,0.0
heldout_evaluation,EW_GREEN->NS_GREEN,directional_reversal,low_mirror_low_alternative,253,84.33333333333333,0,0,241,12,0.9525691699604744,1.0,0.0,0.0,2.0999999999999996,2.0999999999999996,2.0999999999999996,6.0,3.0,0.0
heldout_evaluation,NS_GREEN->BALANCED,balanced_directional,high_mirror_high_alternative,341,113.66666666666667,94,1,9,237,0.3020527859237537,0.44868035190615835,4.900000000000002,5.500000000000002,4.083333333333334,-1.3333333333333321,-1.3333333333333321,21.0,8.0,1.3333333333333321
heldout_evaluation,NS_GREEN->BALANCED,balanced_directional,intermediate,491,163.66666666666666,20,3,31,437,0.10386965376782077,0.5478615071283096,0.5833333333333357,0.6666666666666679,-0.9166666666666679,-1.0,-1.0,20.0,11,1.0
heldout_evaluation,NS_GREEN->BALANCED,balanced_directional,low_mirror_low_alternative,499,166.33333333333334,0,0,22,477,0.04408817635270541,1.0,0.0,0.0,-0.9500000000000028,-0.9500000000000028,-0.9500000000000028,21.0,10.0,0.9500000000000028
heldout_evaluation,NS_GREEN->EW_GREEN,directional_reversal,high_mirror_high_alternative,23,7.666666666666667,14,0,0,9,0.6086956521739131,0.0,2.0,6.0,3.5,-1.25,-1.25,29,14,1.25
heldout_evaluation,NS_GREEN->EW_GREEN,directional_reversal,intermediate,27,9.0,20,1,0,6,0.7407407407407407,0.1111111111111111,1.25,5.5,3.75,-1.75,-1.75,26,14,1.75
heldout_evaluation,NS_GREEN->EW_GREEN,directional_reversal,low_mirror_low_alternative,5,1.6666666666666667,0,0,0,5,0.0,1.0,0.0,0.0,0.0,0.0,0.0,16.0,16.0,0.0
initial_evaluation,EW_GREEN->BALANCED,balanced_directional,high_mirror_high_alternative,82,27.333333333333332,0,41,35,6,0.4268292682926829,0.9634146341463414,5.291666666666667,2.575,4.925000000000001,2.125,2.125,6.0,3.0,0.33333333333333304
initial_evaluation,EW_GREEN->BALANCED,balanced_directional,intermediate,251,83.66666666666667,2,54,74,121,0.30278884462151395,0.5657370517928287,0.5,0.4500000000000002,0.5,0.07500000000000018,0.07500000000000018,6.0,3.0,0.0
initial_evaluation,EW_GREEN->BALANCED,balanced_directional,low_mirror_low_alternative,110,36.666666666666664,0,0,43,67,0.39090909090909093,1.0,0.0,0.0,-0.2333333333333334,-0.2333333333333334,-0.2333333333333334,6.0,3.0,0.2333333333333334
initial_evaluation,EW_GREEN->NS_GREEN,directional_reversal,high_mirror_high_alternative,4,1.3333333333333333,0,0,4,0,1.0,0.5,3.0,2.75,5.5,2.75,2.75,11.5,2.0,0.0
initial_evaluation,EW_GREEN->NS_GREEN,directional_reversal,intermediate,31,10.333333333333334,0,2,28,1,0.9032258064516129,0.22580645161290322,0.0,0.16666666666666785,3.499999999999999,3.0,3.0,9.0,2.0,0.0
initial_evaluation,EW_GREEN->NS_GREEN,directional_reversal,low_mirror_low_alternative,260,86.66666666666667,0,0,234,26,0.9,1.0,0.0,0.0,1.8333333333333326,1.8333333333333326,1.8333333333333326,6.0,3.0,0.0
initial_evaluation,NS_GREEN->BALANCED,balanced_directional,high_mirror_high_alternative,369,123.0,98,1,13,257,0.3008130081300813,0.4363143631436314,4.6,5.416666666666666,3.833333333333334,-1.5,-1.5,20.0,8.0,1.5
initial_evaluation,NS_GREEN->BALANCED,balanced_directional,intermediate,448,149.33333333333334,18,8,40,382,0.12946428571428573,0.625,0.5499999999999972,0.6666666666666652,-0.8333333333333321,-0.8333333333333321,-0.8333333333333321,20.0,11.0,0.8333333333333321
initial_evaluation,NS_GREEN->BALANCED,balanced_directional,low_mirror_low_alternative,550,183.33333333333334,0,0,34,516,0.06181818181818182,1.0,0.0,0.0,-0.900000000000001,-0.900000000000001,-0.900000000000001,20.0,10.0,0.900000000000001
initial_evaluation,NS_GREEN->EW_GREEN,directional_reversal,high_mirror_high_alternative,15,5.0,10,0,0,5,0.6666666666666666,0.0,2.0,5.5,4.25,-1.0,-1.0,29,15,1.0
initial_evaluation,NS_GREEN->EW_GREEN,directional_reversal,intermediate,33,11.0,30,1,0,2,0.9090909090909091,0.09090909090909091,1.5,5.0,3.25,-1.5,-1.5,26.0,15,1.5
initial_evaluation,NS_GREEN->EW_GREEN,directional_reversal,low_mirror_low_alternative,7,2.3333333333333335,0,0,0,7,0.0,1.0,0.0,0.0,0.0,0.0,0.0,24.0,24.0,0.0
