series,failure_category,horizon_ticks,demand_regime,incident_regime,mismatch_regime,production_action,alternative_action,observations,median_mirror_error,median_alternative_error,median_reference_divergence,selected_fraction,false_positive_selected
calibration,HIGH_MIRROR_LOW_ALTERNATIVE,2,light,blocked_ew,rate-and-incident-omitted,EW_GREEN,NS_GREEN,31,3.0,0.0,2.0,0.0,0
calibration,HIGH_MIRROR_LOW_ALTERNATIVE,2,light,none,rate-and-incident-omitted,EW_GREEN,NS_GREEN,4,1.75,0.0,2.516123775561495,0.0,0
calibration,HIGH_MIRROR_LOW_ALTERNATIVE,2,light,none,rate-and-incident-omitted,NS_GREEN,EW_GREEN,7,1.75,0.0,2.802775637731995,0.0,0
calibration,HIGH_MIRROR_LOW_ALTERNATIVE,2,peak,none,rate-and-incident-omitted,NS_GREEN,EW_GREEN,7,1.75,0.0,2.5,0.0,0
calibration,HIGH_MIRROR_LOW_ALTERNATIVE,6,light,blocked_ew,heterogeneity-omitted,NS_GREEN,EW_GREEN,1,2.0833333333333357,0.0,43.5,0.0,0
calibration,HIGH_MIRROR_LOW_ALTERNATIVE,6,light,blocked_ew,rate-and-incident-omitted,EW_GREEN,NS_GREEN,31,4.166666666666666,0.0,7.0,0.0,0
calibration,HIGH_MIRROR_LOW_ALTERNATIVE,6,light,none,heterogeneity-omitted,NS_GREEN,EW_GREEN,1,2.083333333333334,0.0,43.836455123588806,0.0,0
calibration,HIGH_MIRROR_LOW_ALTERNATIVE,6,light,none,rate-and-incident-omitted,EW_GREEN,NS_GREEN,2,2.625,0.0,34.26888279854421,0.0,0
calibration,HIGH_MIRROR_LOW_ALTERNATIVE,6,light,none,rate-and-incident-omitted,NS_GREEN,EW_GREEN,20,4.333333333333334,0.0,33.58401160796968,0.0,0
calibration,HIGH_MIRROR_LOW_ALTERNATIVE,6,peak,blocked_ew,heterogeneity-omitted,NS_GREEN,EW_GREEN,10,1.833333333333334,0.0,52.0,0.0,0
calibration,HIGH_MIRROR_LOW_ALTERNATIVE,6,peak,none,heterogeneity-omitted,NS_GREEN,EW_GREEN,1,2.0833333333333357,0.0,44.13559331305596,0.0,0
calibration,HIGH_MIRROR_LOW_ALTERNATIVE,6,peak,none,rate-and-incident-omitted,NS_GREEN,EW_GREEN,20,4.833333333333332,0.0,34.32630831609802,0.0,0
calibration,HIGH_MIRROR_LOW_ALTERNATIVE,20,light,blocked_ew,rate-and-incident-omitted,EW_GREEN,NS_GREEN,31,5.65,0.0,50.0,0.0,0
calibration,HIGH_MIRROR_LOW_ALTERNATIVE,20,light,none,rate-and-incident-omitted,NS_GREEN,EW_GREEN,10,2.0375,0.0,290.5331295337735,0.0,0
calibration,HIGH_MIRROR_LOW_ALTERNATIVE,20,peak,blocked_ew,heterogeneity-omitted,NS_GREEN,EW_GREEN,12,2.1374999999999993,0.0,423.75,0.0,0
calibration,HIGH_MIRROR_LOW_ALTERNATIVE,20,peak,none,heterogeneity-omitted,NS_GREEN,EW_GREEN,6,2.099999999999998,0.0,441.37496807953704,0.0,0
calibration,HIGH_MIRROR_LOW_ALTERNATIVE,20,peak,none,rate-and-incident-omitted,NS_GREEN,EW_GREEN,20,13.175,0.0,404.98333430182413,0.0,0
calibration,LOW_MIRROR_HIGH_ALTERNATIVE,2,light,blocked_ew,heterogeneity-omitted,EW_GREEN,BALANCED,4,0.0,1.0,4.0,0.0,0
calibration,LOW_MIRROR_HIGH_ALTERNATIVE,2,light,blocked_ew,heterogeneity-omitted,EW_GREEN,NS_GREEN,2,0.0,1.25,3.0,1.0,0
calibration,LOW_MIRROR_HIGH_ALTERNATIVE,2,light,blocked_ew,rate-and-incident-omitted,NS_GREEN,BALANCED,1,0.0,1.0,1.0,1.0,1
calibration,LOW_MIRROR_HIGH_ALTERNATIVE,2,light,blocked_ew,rate-and-incident-omitted,NS_GREEN,EW_GREEN,1,0.0,2.5,7.0,0.0,0
calibration,LOW_MIRROR_HIGH_ALTERNATIVE,2,peak,blocked_ew,heterogeneity-omitted,EW_GREEN,BALANCED,4,0.0,1.0,4.0,0.0,0
calibration,LOW_MIRROR_HIGH_ALTERNATIVE,2,peak,blocked_ew,heterogeneity-omitted,EW_GREEN,NS_GREEN,2,0.0,1.5,9.0,1.0,0
calibration,LOW_MIRROR_HIGH_ALTERNATIVE,6,light,blocked_ew,heterogeneity-omitted,EW_GREEN,BALANCED,1,0.0,1.166666666666667,15.0,0.0,0
calibration,LOW_MIRROR_HIGH_ALTERNATIVE,6,light,blocked_ew,rate-and-incident-omitted,NS_GREEN,BALANCED,1,0.0,1.3333333333333335,5.0,1.0,1
calibration,LOW_MIRROR_HIGH_ALTERNATIVE,6,light,blocked_ew,rate-and-incident-omitted,NS_GREEN,EW_GREEN,1,0.0,2.833333333333334,28.0,0.0,0
calibration,LOW_MIRROR_HIGH_ALTERNATIVE,6,peak,blocked_ew,heterogeneity-omitted,EW_GREEN,BALANCED,2,0.0,1.833333333333333,41.0,0.0,0
calibration,LOW_MIRROR_HIGH_ALTERNATIVE,6,peak,blocked_ew,heterogeneity-omitted,EW_GREEN,NS_GREEN,1,0.0,2.833333333333332,59.0,1.0,0
calibration,LOW_MIRROR_HIGH_ALTERNATIVE,20,light,blocked_ew,rate-and-incident-omitted,NS_GREEN,BALANCED,1,0.0,2.45,13.0,1.0,1
calibration,LOW_MIRROR_HIGH_ALTERNATIVE,20,light,blocked_ew,rate-and-incident-omitted,NS_GREEN,EW_GREEN,1,0.0,4.049999999999999,137.0,0.0,0
calibration,OTHER,2,light,blocked_ew,aligned-control,EW_GREEN,BALANCED,35,0.0,0.0,2.0,0.0,0
calibration,OTHER,2,light,blocked_ew,aligned-control,EW_GREEN,NS_GREEN,35,0.0,0.0,2.0,1.0,0
calibration,OTHER,2,light,blocked_ew,aligned-control,NS_GREEN,BALANCED,25,0.0,0.0,1.0,1.0,0
calibration,OTHER,2,light,blocked_ew,aligned-control,NS_GREEN,EW_GREEN,25,0.0,0.0,3.0,0.0,0
calibration,OTHER,2,light,blocked_ew,heterogeneity-omitted,EW_GREEN,BALANCED,31,0.0,0.0,2.0,0.0,0
calibration,OTHER,2,light,blocked_ew,heterogeneity-omitted,EW_GREEN,NS_GREEN,33,0.0,0.0,2.0,1.0,0
calibration,OTHER,2,light,blocked_ew,heterogeneity-omitted,NS_GREEN,BALANCED,25,0.25,0.5,1.0,1.0,0
calibration,OTHER,2,light,blocked_ew,heterogeneity-omitted,NS_GREEN,EW_GREEN,25,0.25,0.0,3.5,0.0,0
calibration,OTHER,2,light,blocked_ew,rate-and-incident-omitted,EW_GREEN,BALANCED,35,3.0,1.0,2.0,1.0,0
calibration,OTHER,2,light,blocked_ew,rate-and-incident-omitted,EW_GREEN,NS_GREEN,4,3.0,1.0,4.0,0.0,0
calibration,OTHER,2,light,blocked_ew,rate-and-incident-omitted,NS_GREEN,BALANCED,24,1.25,2.0,1.25,0.16666666666666666,3
calibration,OTHER,2,light,blocked_ew,rate-and-incident-omitted,NS_GREEN,EW_GREEN,24,1.25,4.25,3.5,0.8333333333333334,17
calibration,OTHER,2,light,none,aligned-control,EW_GREEN,BALANCED,36,0.0,0.0,4.47213595499958,0.6111111111111112,0
calibration,OTHER,2,light,none,aligned-control,EW_GREEN,NS_GREEN,36,0.0,0.0,5.06449510224598,0.3888888888888889,0
calibration,OTHER,2,light,none,aligned-control,NS_GREEN,BALANCED,24,0.0,0.0,1.4142135623730951,1.0,0
calibration,OTHER,2,light,none,aligned-control,NS_GREEN,EW_GREEN,24,0.0,0.0,3.23606797749979,0.0,0
calibration,OTHER,2,light,none,heterogeneity-omitted,EW_GREEN,BALANCED,36,0.25,0.25,3.0,0.6111111111111112,0
calibration,OTHER,2,light,none,heterogeneity-omitted,EW_GREEN,NS_GREEN,36,0.25,0.0,4.618033988749895,0.3888888888888889,0
calibration,OTHER,2,light,none,heterogeneity-omitted,NS_GREEN,BALANCED,24,0.25,0.25,1.4571067811865475,1.0,0
calibration,OTHER,2,light,none,heterogeneity-omitted,NS_GREEN,EW_GREEN,24,0.25,0.0,3.714325190533521,0.0,0
calibration,OTHER,2,light,none,rate-and-incident-omitted,EW_GREEN,BALANCED,36,1.25,0.5,3.0,1.0,0
calibration,OTHER,2,light,none,rate-and-incident-omitted,EW_GREEN,NS_GREEN,32,1.25,0.0,5.014774200073177,0.0,0
calibration,OTHER,2,light,none,rate-and-incident-omitted,NS_GREEN,BALANCED,24,1.5,1.0,1.4571067811865475,1.0,1
calibration,OTHER,2,light,none,rate-and-incident-omitted,NS_GREEN,EW_GREEN,17,1.25,0.0,4.192582403567252,0.0,0
calibration,OTHER,2,peak,blocked_ew,aligned-control,EW_GREEN,BALANCED,6,0.0,0.0,4.0,0.0,0
calibration,OTHER,2,peak,blocked_ew,aligned-control,EW_GREEN,NS_GREEN,6,0.0,0.0,6.0,1.0,0
calibration,OTHER,2,peak,blocked_ew,aligned-control,NS_GREEN,BALANCED,54,0.0,0.0,2.0,1.0,0
calibration,OTHER,2,peak,blocked_ew,aligned-control,NS_GREEN,EW_GREEN,54,0.0,0.0,6.0,0.0,0
calibration,OTHER,2,peak,blocked_ew,heterogeneity-omitted,EW_GREEN,BALANCED,2,0.0,0.0,4.0,0.0,0
calibration,OTHER,2,peak,blocked_ew,heterogeneity-omitted,EW_GREEN,NS_GREEN,4,0.0,0.5,5.5,1.0,0
calibration,OTHER,2,peak,blocked_ew,heterogeneity-omitted,NS_GREEN,BALANCED,54,0.5,0.5,1.5,1.0,0
calibration,OTHER,2,peak,blocked_ew,heterogeneity-omitted,NS_GREEN,EW_GREEN,54,0.5,0.0,5.0,0.0,0
calibration,OTHER,2,peak,blocked_ew,rate-and-incident-omitted,EW_GREEN,BALANCED,6,3.0,3.0,4.0,0.0,0
calibration,OTHER,2,peak,blocked_ew,rate-and-incident-omitted,EW_GREEN,NS_GREEN,6,3.0,2.25,6.5,1.0,0
calibration,OTHER,2,peak,blocked_ew,rate-and-incident-omitted,NS_GREEN,BALANCED,54,2.0,2.0,1.5,0.6296296296296297,0
calibration,OTHER,2,peak,blocked_ew,rate-and-incident-omitted,NS_GREEN,EW_GREEN,54,2.0,3.0,5.0,0.37037037037037035,20
calibration,OTHER,2,peak,none,aligned-control,EW_GREEN,BALANCED,2,0.0,0.0,4.47213595499958,0.0,0
calibration,OTHER,2,peak,none,aligned-control,EW_GREEN,NS_GREEN,2,0.0,0.0,6.708203932499369,1.0,0
calibration,OTHER,2,peak,none,aligned-control,NS_GREEN,BALANCED,58,0.0,0.0,2.23606797749979,0.9482758620689655,0
calibration,OTHER,2,peak,none,aligned-control,NS_GREEN,EW_GREEN,58,0.0,0.0,6.708203932499369,0.05172413793103448,0
calibration,OTHER,2,peak,none,heterogeneity-omitted,EW_GREEN,BALANCED,2,0.125,0.125,4.47213595499958,0.0,0
calibration,OTHER,2,peak,none,heterogeneity-omitted,EW_GREEN,NS_GREEN,2,0.125,0.25,7.267220926874317,1.0,0
calibration,OTHER,2,peak,none,heterogeneity-omitted,NS_GREEN,BALANCED,58,0.5,0.5,1.9620479906458184,0.9482758620689655,0
calibration,OTHER,2,peak,none,heterogeneity-omitted,NS_GREEN,EW_GREEN,58,0.5,0.25,5.5901699437494745,0.05172413793103448,0
calibration,OTHER,2,peak,none,rate-and-incident-omitted,EW_GREEN,BALANCED,2,1.375,2.375,4.47213595499958,0.5,0
calibration,OTHER,2,peak,none,rate-and-incident-omitted,EW_GREEN,NS_GREEN,2,1.375,2.0,7.267220926874317,0.5,0
calibration,OTHER,2,peak,none,rate-and-incident-omitted,NS_GREEN,BALANCED,58,2.0,1.5,1.9620479906458184,1.0,0
calibration,OTHER,2,peak,none,rate-and-incident-omitted,NS_GREEN,EW_GREEN,51,2.5,1.25,5.5901699437494745,0.0,0
calibration,OTHER,6,light,blocked_ew,aligned-control,EW_GREEN,BALANCED,35,0.0,0.0,6.0,0.0,0
calibration,OTHER,6,light,blocked_ew,aligned-control,EW_GREEN,NS_GREEN,35,0.0,0.0,9.0,1.0,0
calibration,OTHER,6,light,blocked_ew,aligned-control,NS_GREEN,BALANCED,25,0.0,0.0,12.0,1.0,0
calibration,OTHER,6,light,blocked_ew,aligned-control,NS_GREEN,EW_GREEN,25,0.0,0.0,31.0,0.0,0
calibration,OTHER,6,light,blocked_ew,heterogeneity-omitted,EW_GREEN,BALANCED,34,0.0,0.0,6.0,0.0,0
calibration,OTHER,6,light,blocked_ew,heterogeneity-omitted,EW_GREEN,NS_GREEN,35,0.0,0.0,9.0,1.0,0
calibration,OTHER,6,light,blocked_ew,heterogeneity-omitted,NS_GREEN,BALANCED,25,0.5833333333333321,0.5833333333333321,13.0,1.0,0
calibration,OTHER,6,light,blocked_ew,heterogeneity-omitted,NS_GREEN,EW_GREEN,24,0.5,0.0,31.5,0.0,0
calibration,OTHER,6,light,blocked_ew,rate-and-incident-omitted,EW_GREEN,BALANCED,35,4.166666666666666,1.8333333333333335,6.0,1.0,0
calibration,OTHER,6,light,blocked_ew,rate-and-incident-omitted,EW_GREEN,NS_GREEN,4,4.5,0.3333333333333335,21.0,0.0,0
calibration,OTHER,6,light,blocked_ew,rate-and-incident-omitted,NS_GREEN,BALANCED,24,3.833333333333333,4.541666666666666,13.0,1.0,4
calibration,OTHER,6,light,blocked_ew,rate-and-incident-omitted,NS_GREEN,EW_GREEN,24,3.833333333333333,4.833333333333333,32.25,0.0,0
calibration,OTHER,6,light,none,aligned-control,EW_GREEN,BALANCED,36,0.0,0.0,22.5,1.0,0
calibration,OTHER,6,light,none,aligned-control,EW_GREEN,NS_GREEN,36,0.0,0.0,28.66723746874984,0.0,0
calibration,OTHER,6,light,none,aligned-control,NS_GREEN,BALANCED,24,0.0,0.0,12.444798539685046,1.0,0
calibration,OTHER,6,light,none,aligned-control,NS_GREEN,EW_GREEN,24,0.0,0.0,31.794209660368175,0.0,0
calibration,OTHER,6,light,none,heterogeneity-omitted,EW_GREEN,BALANCED,36,0.20833333333333348,0.16666666666666685,22.64701395354534,1.0,0
calibration,OTHER,6,light,none,heterogeneity-omitted,EW_GREEN,NS_GREEN,36,0.20833333333333348,0.0,29.10938660130751,0.0,0
calibration,OTHER,6,light,none,heterogeneity-omitted,NS_GREEN,BALANCED,24,0.5833333333333339,0.6666666666666652,13.423324639990833,1.0,0
calibration,OTHER,6,light,none,heterogeneity-omitted,NS_GREEN,EW_GREEN,23,0.5833333333333339,0.0,32.555161583284956,0.0,0
calibration,OTHER,6,light,none,rate-and-incident-omitted,EW_GREEN,BALANCED,36,0.5416666666666667,0.8333333333333335,22.64701395354534,1.0,1
calibration,OTHER,6,light,none,rate-and-incident-omitted,EW_GREEN,NS_GREEN,34,0.5,0.0,28.84397216248059,0.0,0
calibration,OTHER,6,light,none,rate-and-incident-omitted,NS_GREEN,BALANCED,24,4.083333333333334,2.8333333333333326,13.423324639990833,1.0,1
calibration,OTHER,6,light,none,rate-and-incident-omitted,NS_GREEN,EW_GREEN,4,0.833333333333333,0.6666666666666665,34.72588057996846,0.0,0
calibration,OTHER,6,peak,blocked_ew,aligned-control,EW_GREEN,BALANCED,6,0.0,0.0,30.0,0.0,0
calibration,OTHER,6,peak,blocked_ew,aligned-control,EW_GREEN,NS_GREEN,6,0.0,0.0,38.5,1.0,0
calibration,OTHER,6,peak,blocked_ew,aligned-control,NS_GREEN,BALANCED,54,0.0,0.0,12.0,1.0,0
calibration,OTHER,6,peak,blocked_ew,aligned-control,NS_GREEN,EW_GREEN,54,0.0,0.0,42.0,0.0,0
calibration,OTHER,6,peak,blocked_ew,heterogeneity-omitted,EW_GREEN,BALANCED,4,0.0,0.5833333333333339,28.5,0.0,0
calibration,OTHER,6,peak,blocked_ew,heterogeneity-omitted,EW_GREEN,NS_GREEN,5,0.0,0.33333333333333215,37.0,1.0,0
calibration,OTHER,6,peak,blocked_ew,heterogeneity-omitted,NS_GREEN,BALANCED,54,0.75,0.8333333333333348,13.0,1.0,0
calibration,OTHER,6,peak,blocked_ew,heterogeneity-omitted,NS_GREEN,EW_GREEN,44,0.6666666666666661,0.0,39.0,0.0,0
calibration,OTHER,6,peak,blocked_ew,rate-and-incident-omitted,EW_GREEN,BALANCED,6,8.25,4.833333333333334,32.0,1.0,0
calibration,OTHER,6,peak,blocked_ew,rate-and-incident-omitted,EW_GREEN,NS_GREEN,6,8.25,1.666666666666667,38.0,0.0,0
calibration,OTHER,6,peak,blocked_ew,rate-and-incident-omitted,NS_GREEN,BALANCED,54,5.083333333333334,5.999999999999999,13.0,0.8148148148148148,11
calibration,OTHER,6,peak,blocked_ew,rate-and-incident-omitted,NS_GREEN,EW_GREEN,54,5.083333333333334,7.333333333333334,39.25,0.18518518518518517,2
calibration,OTHER,6,peak,none,aligned-control,EW_GREEN,BALANCED,2,0.0,0.0,38.70011890781114,0.0,0
calibration,OTHER,6,peak,none,aligned-control,EW_GREEN,NS_GREEN,2,0.0,0.0,50.88028970969985,1.0,0
calibration,OTHER,6,peak,none,aligned-control,NS_GREEN,BALANCED,58,0.0,0.0,13.919306483427349,1.0,0
calibration,OTHER,6,peak,none,aligned-control,NS_GREEN,EW_GREEN,58,0.0,0.0,51.147760060149004,0.0,0
calibration,OTHER,6,peak,none,heterogeneity-omitted,EW_GREEN,BALANCED,2,1.1250000000000018,0.5,44.92359916831437,0.0,0
calibration,OTHER,6,peak,none,heterogeneity-omitted,EW_GREEN,NS_GREEN,2,1.1250000000000018,0.4999999999999991,57.71474937278171,1.0,0
calibration,OTHER,6,peak,none,heterogeneity-omitted,NS_GREEN,BALANCED,58,0.7083333333333339,0.7916666666666661,15.037340472177242,1.0,0
calibration,OTHER,6,peak,none,heterogeneity-omitted,NS_GREEN,EW_GREEN,57,0.6666666666666679,0.16666666666666785,48.45019493231641,0.0,0
calibration,OTHER,6,peak,none,rate-and-incident-omitted,EW_GREEN,BALANCED,2,2.541666666666665,2.750000000000001,44.92359916831437,1.0,0
calibration,OTHER,6,peak,none,rate-and-incident-omitted,EW_GREEN,NS_GREEN,2,2.541666666666665,1.583333333333334,57.71474937278171,0.0,0
calibration,OTHER,6,peak,none,rate-and-incident-omitted,NS_GREEN,BALANCED,58,5.333333333333332,4.625,15.037340472177242,1.0,10
calibration,OTHER,6,peak,none,rate-and-incident-omitted,NS_GREEN,EW_GREEN,38,5.833333333333332,1.5,54.129596032359046,0.0,0
calibration,OTHER,20,light,blocked_ew,aligned-control,EW_GREEN,BALANCED,35,0.0,0.0,46.0,0.0,0
calibration,OTHER,20,light,blocked_ew,aligned-control,EW_GREEN,NS_GREEN,35,0.0,0.0,54.0,1.0,0
calibration,OTHER,20,light,blocked_ew,aligned-control,NS_GREEN,BALANCED,25,0.0,0.0,12.0,1.0,0
calibration,OTHER,20,light,blocked_ew,aligned-control,NS_GREEN,EW_GREEN,25,0.0,0.0,263.0,0.0,0
calibration,OTHER,20,light,blocked_ew,heterogeneity-omitted,EW_GREEN,BALANCED,35,0.0,0.0,46.0,0.0,0
calibration,OTHER,20,light,blocked_ew,heterogeneity-omitted,EW_GREEN,NS_GREEN,35,0.0,0.0,54.0,1.0,0
calibration,OTHER,20,light,blocked_ew,heterogeneity-omitted,NS_GREEN,BALANCED,25,0.1750000000000007,0.1999999999999993,10.0,1.0,0
calibration,OTHER,20,light,blocked_ew,heterogeneity-omitted,NS_GREEN,EW_GREEN,25,0.1750000000000007,0.0,262.0,0.0,0
calibration,OTHER,20,light,blocked_ew,rate-and-incident-omitted,EW_GREEN,BALANCED,35,5.65,3.05,46.0,1.0,0
calibration,OTHER,20,light,blocked_ew,rate-and-incident-omitted,EW_GREEN,NS_GREEN,4,6.1,0.0999999999999992,117.5,0.0,0
calibration,OTHER,20,light,blocked_ew,rate-and-incident-omitted,NS_GREEN,BALANCED,24,1.375,4.6000000000000005,10.0,1.0,24
calibration,OTHER,20,light,blocked_ew,rate-and-incident-omitted,NS_GREEN,EW_GREEN,24,1.375,5.799999999999999,271.5,0.0,0
calibration,OTHER,20,light,none,aligned-control,EW_GREEN,BALANCED,36,0.0,0.0,100.59165326673232,1.0,0
calibration,OTHER,20,light,none,aligned-control,EW_GREEN,NS_GREEN,36,0.0,0.0,159.19907838353302,0.0,0
calibration,OTHER,20,light,none,aligned-control,NS_GREEN,BALANCED,24,0.0,0.0,43.077265275289804,1.0,0
calibration,OTHER,20,light,none,aligned-control,NS_GREEN,EW_GREEN,24,0.0,0.0,274.86677928059913,0.0,0
calibration,OTHER,20,light,none,heterogeneity-omitted,EW_GREEN,BALANCED,36,0.06250000000000017,0.11250000000000027,100.74647788763085,1.0,0
calibration,OTHER,20,light,none,heterogeneity-omitted,EW_GREEN,NS_GREEN,36,0.06250000000000017,0.0,158.42341357959504,0.0,0
calibration,OTHER,20,light,none,heterogeneity-omitted,NS_GREEN,BALANCED,24,0.1750000000000007,0.25,42.76419426009349,1.0,0
calibration,OTHER,20,light,none,heterogeneity-omitted,NS_GREEN,EW_GREEN,24,0.1750000000000007,0.0,274.5301314853118,0.0,0
calibration,OTHER,20,light,none,rate-and-incident-omitted,EW_GREEN,BALANCED,36,0.1625000000000001,0.46249999999999947,100.74647788763085,1.0,2
calibration,OTHER,20,light,none,rate-and-incident-omitted,EW_GREEN,NS_GREEN,36,0.1625000000000001,0.0,158.42341357959504,0.0,0
calibration,OTHER,20,light,none,rate-and-incident-omitted,NS_GREEN,BALANCED,24,1.525,1.6625,42.76419426009349,1.0,1
calibration,OTHER,20,light,none,rate-and-incident-omitted,NS_GREEN,EW_GREEN,14,1.1625000000000003,0.0,256.8856579206482,0.0,0
calibration,OTHER,20,peak,blocked_ew,aligned-control,EW_GREEN,BALANCED,6,0.0,0.0,234.5,0.0,0
calibration,OTHER,20,peak,blocked_ew,aligned-control,EW_GREEN,NS_GREEN,6,0.0,0.0,315.5,1.0,0
calibration,OTHER,20,peak,blocked_ew,aligned-control,NS_GREEN,BALANCED,54,0.0,0.0,110.0,1.0,0
calibration,OTHER,20,peak,blocked_ew,aligned-control,NS_GREEN,EW_GREEN,54,0.0,0.0,382.0,0.0,0
calibration,OTHER,20,peak,blocked_ew,heterogeneity-omitted,EW_GREEN,BALANCED,6,0.0,0.22500000000000053,232.0,0.0,0
calibration,OTHER,20,peak,blocked_ew,heterogeneity-omitted,EW_GREEN,NS_GREEN,6,0.0,0.17499999999999982,311.5,1.0,0
calibration,OTHER,20,peak,blocked_ew,heterogeneity-omitted,NS_GREEN,BALANCED,54,0.75,0.7124999999999968,100.5,1.0,0
calibration,OTHER,20,peak,blocked_ew,heterogeneity-omitted,NS_GREEN,EW_GREEN,42,0.5999999999999979,0.0,401.0,0.0,0
calibration,OTHER,20,peak,blocked_ew,rate-and-incident-omitted,EW_GREEN,BALANCED,6,14.2,7.3,232.0,1.0,0
calibration,OTHER,20,peak,blocked_ew,rate-and-incident-omitted,EW_GREEN,NS_GREEN,6,14.2,0.9500000000000002,311.5,0.0,0
calibration,OTHER,20,peak,blocked_ew,rate-and-incident-omitted,NS_GREEN,BALANCED,54,7.874999999999999,14.125,100.5,1.0,41
calibration,OTHER,20,peak,blocked_ew,rate-and-incident-omitted,NS_GREEN,EW_GREEN,54,7.874999999999999,11.975000000000001,403.0,0.0,0
calibration,OTHER,20,peak,none,aligned-control,EW_GREEN,BALANCED,2,0.0,0.0,324.8279847017327,1.0,0
calibration,OTHER,20,peak,none,aligned-control,EW_GREEN,NS_GREEN,2,0.0,0.0,440.56863304406454,0.0,0
calibration,OTHER,20,peak,none,aligned-control,NS_GREEN,BALANCED,58,0.0,0.0,133.87901489158367,1.0,0
calibration,OTHER,20,peak,none,aligned-control,NS_GREEN,EW_GREEN,58,0.0,0.0,450.46415017919367,0.0,0
calibration,OTHER,20,peak,none,heterogeneity-omitted,EW_GREEN,BALANCED,2,0.4375000000000018,0.29999999999999893,330.16284001694964,1.0,0
calibration,OTHER,20,peak,none,heterogeneity-omitted,EW_GREEN,NS_GREEN,2,0.4375000000000018,0.10000000000000142,447.3800854250348,0.0,0
calibration,OTHER,20,peak,none,heterogeneity-omitted,NS_GREEN,BALANCED,58,0.9499999999999993,0.9625000000000004,126.84277080675764,1.0,0
calibration,OTHER,20,peak,none,heterogeneity-omitted,NS_GREEN,EW_GREEN,52,0.8500000000000014,0.09999999999999964,458.60153481755026,0.0,0
calibration,OTHER,20,peak,none,rate-and-incident-omitted,EW_GREEN,BALANCED,2,0.9375,2.825,330.16284001694964,1.0,1
calibration,OTHER,20,peak,none,rate-and-incident-omitted,EW_GREEN,NS_GREEN,2,0.9375,0.8749999999999982,447.3800854250348,0.0,0
calibration,OTHER,20,peak,none,rate-and-incident-omitted,NS_GREEN,BALANCED,58,7.500000000000002,9.7875,126.84277080675764,1.0,27
calibration,OTHER,20,peak,none,rate-and-incident-omitted,NS_GREEN,EW_GREEN,38,4.925,0.4499999999999975,477.3700729436528,0.0,0
evaluation,HIGH_MIRROR_LOW_ALTERNATIVE,2,light,blocked_ew,rate-and-incident-omitted,EW_GREEN,NS_GREEN,34,3.0,0.0,2.0,0.0,0
evaluation,HIGH_MIRROR_LOW_ALTERNATIVE,2,light,none,rate-and-incident-omitted,EW_GREEN,NS_GREEN,6,2.0,0.0,2.7265285888024398,0.0,0
evaluation,HIGH_MIRROR_LOW_ALTERNATIVE,2,light,none,rate-and-incident-omitted,NS_GREEN,EW_GREEN,5,2.0,0.0,2.0,0.0,0
evaluation,HIGH_MIRROR_LOW_ALTERNATIVE,2,peak,none,rate-and-incident-omitted,NS_GREEN,EW_GREEN,5,2.0,0.0,2.802775637731995,0.0,0
evaluation,HIGH_MIRROR_LOW_ALTERNATIVE,6,light,blocked_ew,rate-and-incident-omitted,EW_GREEN,NS_GREEN,34,4.333333333333334,0.0,8.0,0.0,0
evaluation,HIGH_MIRROR_LOW_ALTERNATIVE,6,light,none,rate-and-incident-omitted,EW_GREEN,NS_GREEN,4,2.25,0.0,31.445808642467856,0.0,0
evaluation,HIGH_MIRROR_LOW_ALTERNATIVE,6,light,none,rate-and-incident-omitted,NS_GREEN,EW_GREEN,20,4.458333333333333,0.0,31.43961808372252,0.0,0
evaluation,HIGH_MIRROR_LOW_ALTERNATIVE,6,peak,blocked_ew,heterogeneity-omitted,NS_GREEN,EW_GREEN,6,1.9999999999999991,0.0,54.0,0.0,0
evaluation,HIGH_MIRROR_LOW_ALTERNATIVE,6,peak,none,rate-and-incident-omitted,NS_GREEN,EW_GREEN,20,5.291666666666665,0.0,33.62814297902206,0.0,0
evaluation,HIGH_MIRROR_LOW_ALTERNATIVE,20,light,blocked_ew,rate-and-incident-omitted,EW_GREEN,NS_GREEN,34,6.5,0.0,54.0,0.0,0
evaluation,HIGH_MIRROR_LOW_ALTERNATIVE,20,light,none,rate-and-incident-omitted,NS_GREEN,EW_GREEN,10,2.2375000000000003,0.0,287.9077275748462,0.0,0
evaluation,HIGH_MIRROR_LOW_ALTERNATIVE,20,peak,blocked_ew,heterogeneity-omitted,NS_GREEN,EW_GREEN,11,2.5,0.0,361.0,0.0,0
evaluation,HIGH_MIRROR_LOW_ALTERNATIVE,20,peak,none,heterogeneity-omitted,NS_GREEN,EW_GREEN,3,1.9750000000000014,0.0,351.04963447790055,0.0,0
evaluation,HIGH_MIRROR_LOW_ALTERNATIVE,20,peak,none,rate-and-incident-omitted,NS_GREEN,EW_GREEN,20,12.7375,0.0,408.13604945010337,0.0,0
evaluation,LOW_MIRROR_HIGH_ALTERNATIVE,2,light,blocked_ew,heterogeneity-omitted,EW_GREEN,BALANCED,2,0.0,1.0,4.0,0.0,0
evaluation,LOW_MIRROR_HIGH_ALTERNATIVE,2,light,blocked_ew,heterogeneity-omitted,EW_GREEN,NS_GREEN,1,0.0,1.0,4.0,1.0,0
evaluation,LOW_MIRROR_HIGH_ALTERNATIVE,2,peak,blocked_ew,heterogeneity-omitted,EW_GREEN,BALANCED,1,0.0,1.0,2.0,0.0,0
evaluation,LOW_MIRROR_HIGH_ALTERNATIVE,2,peak,blocked_ew,heterogeneity-omitted,EW_GREEN,NS_GREEN,1,0.0,1.0,4.0,1.0,0
evaluation,LOW_MIRROR_HIGH_ALTERNATIVE,6,peak,blocked_ew,heterogeneity-omitted,EW_GREEN,BALANCED,1,0.0,1.0,24.0,0.0,0
evaluation,OTHER,2,light,blocked_ew,aligned-control,EW_GREEN,BALANCED,39,0.0,0.0,2.0,0.0,0
evaluation,OTHER,2,light,blocked_ew,aligned-control,EW_GREEN,NS_GREEN,39,0.0,0.0,2.0,1.0,0
evaluation,OTHER,2,light,blocked_ew,aligned-control,NS_GREEN,BALANCED,21,0.0,0.0,1.0,1.0,0
evaluation,OTHER,2,light,blocked_ew,aligned-control,NS_GREEN,EW_GREEN,21,0.0,0.0,3.0,0.0,0
evaluation,OTHER,2,light,blocked_ew,heterogeneity-omitted,EW_GREEN,BALANCED,37,0.0,0.0,2.0,0.0,0
evaluation,OTHER,2,light,blocked_ew,heterogeneity-omitted,EW_GREEN,NS_GREEN,38,0.0,0.0,2.0,1.0,0
evaluation,OTHER,2,light,blocked_ew,heterogeneity-omitted,NS_GREEN,BALANCED,21,0.25,0.0,1.0,1.0,0
evaluation,OTHER,2,light,blocked_ew,heterogeneity-omitted,NS_GREEN,EW_GREEN,21,0.25,0.0,3.0,0.0,0
evaluation,OTHER,2,light,blocked_ew,rate-and-incident-omitted,EW_GREEN,BALANCED,39,3.0,1.0,2.0,0.9743589743589743,0
evaluation,OTHER,2,light,blocked_ew,rate-and-incident-omitted,EW_GREEN,NS_GREEN,5,3.0,1.0,6.0,0.2,0
evaluation,OTHER,2,light,blocked_ew,rate-and-incident-omitted,NS_GREEN,BALANCED,21,1.5,2.0,1.0,0.047619047619047616,1
evaluation,OTHER,2,light,blocked_ew,rate-and-incident-omitted,NS_GREEN,EW_GREEN,21,1.5,4.5,3.0,0.9523809523809523,19
evaluation,OTHER,2,light,none,aligned-control,EW_GREEN,BALANCED,38,0.0,0.0,4.47213595499958,0.6052631578947368,0
evaluation,OTHER,2,light,none,aligned-control,EW_GREEN,NS_GREEN,38,0.0,0.0,5.06449510224598,0.39473684210526316,0
evaluation,OTHER,2,light,none,aligned-control,NS_GREEN,BALANCED,22,0.0,0.0,1.0,0.9545454545454546,0
evaluation,OTHER,2,light,none,aligned-control,NS_GREEN,EW_GREEN,22,0.0,0.0,3.0,0.045454545454545456,0
evaluation,OTHER,2,light,none,heterogeneity-omitted,EW_GREEN,BALANCED,38,0.25,0.0,4.47213595499958,0.6052631578947368,0
evaluation,OTHER,2,light,none,heterogeneity-omitted,EW_GREEN,NS_GREEN,38,0.25,0.0,4.900281539872885,0.39473684210526316,0
evaluation,OTHER,2,light,none,heterogeneity-omitted,NS_GREEN,BALANCED,22,0.125,0.0,1.0,0.9545454545454546,0
evaluation,OTHER,2,light,none,heterogeneity-omitted,NS_GREEN,EW_GREEN,22,0.125,0.0,3.23606797749979,0.045454545454545456,0
evaluation,OTHER,2,light,none,rate-and-incident-omitted,EW_GREEN,BALANCED,38,1.5,0.5,4.47213595499958,1.0,0
evaluation,OTHER,2,light,none,rate-and-incident-omitted,EW_GREEN,NS_GREEN,32,1.5,0.0,5.06449510224598,0.0,0
evaluation,OTHER,2,light,none,rate-and-incident-omitted,NS_GREEN,BALANCED,22,1.5,1.0,1.0,1.0,2
evaluation,OTHER,2,light,none,rate-and-incident-omitted,NS_GREEN,EW_GREEN,17,1.5,0.0,3.5,0.0,0
evaluation,OTHER,2,peak,blocked_ew,aligned-control,EW_GREEN,BALANCED,3,0.0,0.0,4.0,0.0,0
evaluation,OTHER,2,peak,blocked_ew,aligned-control,EW_GREEN,NS_GREEN,3,0.0,0.0,6.0,1.0,0
evaluation,OTHER,2,peak,blocked_ew,aligned-control,NS_GREEN,BALANCED,57,0.0,0.0,2.0,1.0,0
evaluation,OTHER,2,peak,blocked_ew,aligned-control,NS_GREEN,EW_GREEN,57,0.0,0.0,6.0,0.0,0
evaluation,OTHER,2,peak,blocked_ew,heterogeneity-omitted,EW_GREEN,BALANCED,2,0.0,0.0,4.0,0.0,0
evaluation,OTHER,2,peak,blocked_ew,heterogeneity-omitted,EW_GREEN,NS_GREEN,2,0.0,0.25,5.5,1.0,0
evaluation,OTHER,2,peak,blocked_ew,heterogeneity-omitted,NS_GREEN,BALANCED,57,0.25,0.0,2.0,1.0,0
evaluation,OTHER,2,peak,blocked_ew,heterogeneity-omitted,NS_GREEN,EW_GREEN,57,0.25,0.0,6.0,0.0,0
evaluation,OTHER,2,peak,blocked_ew,rate-and-incident-omitted,EW_GREEN,BALANCED,3,3.0,3.0,4.0,0.0,0
evaluation,OTHER,2,peak,blocked_ew,rate-and-incident-omitted,EW_GREEN,NS_GREEN,3,3.0,3.5,5.0,1.0,0
evaluation,OTHER,2,peak,blocked_ew,rate-and-incident-omitted,NS_GREEN,BALANCED,57,2.5,3.0,2.0,0.6491228070175439,0
evaluation,OTHER,2,peak,blocked_ew,rate-and-incident-omitted,NS_GREEN,EW_GREEN,57,2.5,3.0,6.0,0.3508771929824561,20
evaluation,OTHER,2,peak,none,aligned-control,EW_GREEN,BALANCED,2,0.0,0.0,4.47213595499958,0.0,0
evaluation,OTHER,2,peak,none,aligned-control,EW_GREEN,NS_GREEN,2,0.0,0.0,6.708203932499369,1.0,0
evaluation,OTHER,2,peak,none,aligned-control,NS_GREEN,BALANCED,58,0.0,0.0,2.23606797749979,0.9310344827586207,0
evaluation,OTHER,2,peak,none,aligned-control,NS_GREEN,EW_GREEN,58,0.0,0.0,6.708203932499369,0.06896551724137931,0
evaluation,OTHER,2,peak,none,heterogeneity-omitted,EW_GREEN,BALANCED,2,0.125,0.125,4.47213595499958,0.0,0
evaluation,OTHER,2,peak,none,heterogeneity-omitted,EW_GREEN,NS_GREEN,2,0.125,0.25,7.267220926874317,1.0,0
evaluation,OTHER,2,peak,none,heterogeneity-omitted,NS_GREEN,BALANCED,58,0.25,0.25,2.23606797749979,0.9310344827586207,0
evaluation,OTHER,2,peak,none,heterogeneity-omitted,NS_GREEN,EW_GREEN,58,0.25,0.0,5.5901699437494745,0.06896551724137931,0
evaluation,OTHER,2,peak,none,rate-and-incident-omitted,EW_GREEN,BALANCED,2,1.375,2.375,4.47213595499958,0.5,0
evaluation,OTHER,2,peak,none,rate-and-incident-omitted,EW_GREEN,NS_GREEN,2,1.375,2.0,7.267220926874317,0.5,0
evaluation,OTHER,2,peak,none,rate-and-incident-omitted,NS_GREEN,BALANCED,58,2.5,2.25,2.23606797749979,1.0,0
evaluation,OTHER,2,peak,none,rate-and-incident-omitted,NS_GREEN,EW_GREEN,53,3.0,1.5,6.708203932499369,0.0,0
evaluation,OTHER,6,light,blocked_ew,aligned-control,EW_GREEN,BALANCED,39,0.0,0.0,10.0,0.0,0
evaluation,OTHER,6,light,blocked_ew,aligned-control,EW_GREEN,NS_GREEN,39,0.0,0.0,10.0,1.0,0
evaluation,OTHER,6,light,blocked_ew,aligned-control,NS_GREEN,BALANCED,21,0.0,0.0,12.0,1.0,0
evaluation,OTHER,6,light,blocked_ew,aligned-control,NS_GREEN,EW_GREEN,21,0.0,0.0,31.0,0.0,0
evaluation,OTHER,6,light,blocked_ew,heterogeneity-omitted,EW_GREEN,BALANCED,39,0.0,0.0,10.0,0.0,0
evaluation,OTHER,6,light,blocked_ew,heterogeneity-omitted,EW_GREEN,NS_GREEN,39,0.0,0.0,10.0,1.0,0
evaluation,OTHER,6,light,blocked_ew,heterogeneity-omitted,NS_GREEN,BALANCED,21,0.3333333333333357,0.25,11.0,1.0,0
evaluation,OTHER,6,light,blocked_ew,heterogeneity-omitted,NS_GREEN,EW_GREEN,21,0.3333333333333357,0.0,30.0,0.0,0
evaluation,OTHER,6,light,blocked_ew,rate-and-incident-omitted,EW_GREEN,BALANCED,39,4.333333333333334,1.9999999999999996,10.0,1.0,0
evaluation,OTHER,6,light,blocked_ew,rate-and-incident-omitted,EW_GREEN,NS_GREEN,5,4.166666666666666,0.3333333333333335,24.0,0.0,0
evaluation,OTHER,6,light,blocked_ew,rate-and-incident-omitted,NS_GREEN,BALANCED,21,4.666666666666666,5.249999999999998,11.0,1.0,1
evaluation,OTHER,6,light,blocked_ew,rate-and-incident-omitted,NS_GREEN,EW_GREEN,21,4.666666666666666,5.333333333333332,30.0,0.0,0
evaluation,OTHER,6,light,none,aligned-control,EW_GREEN,BALANCED,38,0.0,0.0,22.360328664365646,1.0,0
evaluation,OTHER,6,light,none,aligned-control,EW_GREEN,NS_GREEN,38,0.0,0.0,28.75874480601305,0.0,0
evaluation,OTHER,6,light,none,aligned-control,NS_GREEN,BALANCED,22,0.0,0.0,12.44193613341567,1.0,0
evaluation,OTHER,6,light,none,aligned-control,NS_GREEN,EW_GREEN,22,0.0,0.0,31.510117217117553,0.0,0
evaluation,OTHER,6,light,none,heterogeneity-omitted,EW_GREEN,BALANCED,38,0.16666666666666607,0.16666666666666652,21.93223155278568,1.0,0
evaluation,OTHER,6,light,none,heterogeneity-omitted,EW_GREEN,NS_GREEN,38,0.16666666666666607,0.0,28.56028119297901,0.0,0
evaluation,OTHER,6,light,none,heterogeneity-omitted,NS_GREEN,BALANCED,22,0.3333333333333339,0.29166666666666696,11.914725264086233,1.0,0
evaluation,OTHER,6,light,none,heterogeneity-omitted,NS_GREEN,EW_GREEN,22,0.3333333333333339,0.0,31.817723484388914,0.0,0
evaluation,OTHER,6,light,none,rate-and-incident-omitted,EW_GREEN,BALANCED,38,0.666666666666667,0.75,21.93223155278568,1.0,0
evaluation,OTHER,6,light,none,rate-and-incident-omitted,EW_GREEN,NS_GREEN,34,0.6666666666666667,0.0,27.926864158932645,0.0,0
evaluation,OTHER,6,light,none,rate-and-incident-omitted,NS_GREEN,BALANCED,22,4.291666666666667,3.208333333333334,11.914725264086233,1.0,0
evaluation,OTHER,6,light,none,rate-and-incident-omitted,NS_GREEN,EW_GREEN,2,0.4166666666666665,0.5833333333333335,36.08242150006502,0.0,0
evaluation,OTHER,6,peak,blocked_ew,aligned-control,EW_GREEN,BALANCED,3,0.0,0.0,30.0,0.0,0
evaluation,OTHER,6,peak,blocked_ew,aligned-control,EW_GREEN,NS_GREEN,3,0.0,0.0,39.0,1.0,0
evaluation,OTHER,6,peak,blocked_ew,aligned-control,NS_GREEN,BALANCED,57,0.0,0.0,12.0,1.0,0
evaluation,OTHER,6,peak,blocked_ew,aligned-control,NS_GREEN,EW_GREEN,57,0.0,0.0,42.0,0.0,0
evaluation,OTHER,6,peak,blocked_ew,heterogeneity-omitted,EW_GREEN,BALANCED,2,0.0,0.41666666666666696,27.5,0.0,0
evaluation,OTHER,6,peak,blocked_ew,heterogeneity-omitted,EW_GREEN,NS_GREEN,3,0.0,0.16666666666666785,35.0,1.0,0
evaluation,OTHER,6,peak,blocked_ew,heterogeneity-omitted,NS_GREEN,BALANCED,57,0.5,0.5,11.0,1.0,0
evaluation,OTHER,6,peak,blocked_ew,heterogeneity-omitted,NS_GREEN,EW_GREEN,51,0.41666666666666785,0.0,38.0,0.0,0
evaluation,OTHER,6,peak,blocked_ew,rate-and-incident-omitted,EW_GREEN,BALANCED,3,7.000000000000002,4.833333333333334,26.0,1.0,0
evaluation,OTHER,6,peak,blocked_ew,rate-and-incident-omitted,EW_GREEN,NS_GREEN,3,7.000000000000002,1.6666666666666679,35.0,0.0,0
evaluation,OTHER,6,peak,blocked_ew,rate-and-incident-omitted,NS_GREEN,BALANCED,57,5.666666666666668,6.666666666666668,11.0,0.9122807017543859,5
evaluation,OTHER,6,peak,blocked_ew,rate-and-incident-omitted,NS_GREEN,EW_GREEN,57,5.666666666666668,7.0,38.0,0.08771929824561403,1
evaluation,OTHER,6,peak,none,aligned-control,EW_GREEN,BALANCED,2,0.0,0.0,36.54794440147417,0.5,0
evaluation,OTHER,6,peak,none,aligned-control,EW_GREEN,NS_GREEN,2,0.0,0.0,47.605743233832314,0.5,0
evaluation,OTHER,6,peak,none,aligned-control,NS_GREEN,BALANCED,58,0.0,0.0,13.919306483427349,1.0,0
evaluation,OTHER,6,peak,none,aligned-control,NS_GREEN,EW_GREEN,58,0.0,0.0,50.84791363058301,0.0,0
evaluation,OTHER,6,peak,none,heterogeneity-omitted,EW_GREEN,BALANCED,2,0.2083333333333348,0.2916666666666665,36.272636238970705,0.5,0
evaluation,OTHER,6,peak,none,heterogeneity-omitted,EW_GREEN,NS_GREEN,2,0.2083333333333348,0.25000000000000044,46.803855456117255,0.5,0
evaluation,OTHER,6,peak,none,heterogeneity-omitted,NS_GREEN,BALANCED,58,0.5,0.5,13.226850093362739,1.0,0
evaluation,OTHER,6,peak,none,heterogeneity-omitted,NS_GREEN,EW_GREEN,58,0.5,0.16666666666666785,46.43199215513083,0.0,0
evaluation,OTHER,6,peak,none,rate-and-incident-omitted,EW_GREEN,BALANCED,2,2.541666666666667,3.125,36.272636238970705,1.0,0
evaluation,OTHER,6,peak,none,rate-and-incident-omitted,EW_GREEN,NS_GREEN,2,2.541666666666667,1.6666666666666665,46.803855456117255,0.0,0
evaluation,OTHER,6,peak,none,rate-and-incident-omitted,NS_GREEN,BALANCED,58,5.291666666666665,5.333333333333333,13.226850093362739,1.0,17
evaluation,OTHER,6,peak,none,rate-and-incident-omitted,NS_GREEN,EW_GREEN,38,5.416666666666666,2.0,50.95714161558632,0.0,0
evaluation,OTHER,20,light,blocked_ew,aligned-control,EW_GREEN,BALANCED,39,0.0,0.0,47.0,0.0,0
evaluation,OTHER,20,light,blocked_ew,aligned-control,EW_GREEN,NS_GREEN,39,0.0,0.0,60.0,1.0,0
evaluation,OTHER,20,light,blocked_ew,aligned-control,NS_GREEN,BALANCED,21,0.0,0.0,9.0,1.0,0
evaluation,OTHER,20,light,blocked_ew,aligned-control,NS_GREEN,EW_GREEN,21,0.0,0.0,276.0,0.0,0
evaluation,OTHER,20,light,blocked_ew,heterogeneity-omitted,EW_GREEN,BALANCED,39,0.0,0.0,47.0,0.0,0
evaluation,OTHER,20,light,blocked_ew,heterogeneity-omitted,EW_GREEN,NS_GREEN,39,0.0,0.0,60.0,1.0,0
evaluation,OTHER,20,light,blocked_ew,heterogeneity-omitted,NS_GREEN,BALANCED,21,0.2749999999999986,0.29999999999999893,10.0,1.0,0
evaluation,OTHER,20,light,blocked_ew,heterogeneity-omitted,NS_GREEN,EW_GREEN,21,0.2749999999999986,0.0,279.0,0.0,0
evaluation,OTHER,20,light,blocked_ew,rate-and-incident-omitted,EW_GREEN,BALANCED,39,6.5,3.3499999999999996,47.0,1.0,0
evaluation,OTHER,20,light,blocked_ew,rate-and-incident-omitted,EW_GREEN,NS_GREEN,5,5.1,0.10000000000000009,130.0,0.0,0
evaluation,OTHER,20,light,blocked_ew,rate-and-incident-omitted,NS_GREEN,BALANCED,21,1.8999999999999986,5.499999999999999,10.0,1.0,21
evaluation,OTHER,20,light,blocked_ew,rate-and-incident-omitted,NS_GREEN,EW_GREEN,21,1.8999999999999986,6.899999999999999,279.0,0.0,0
evaluation,OTHER,20,light,none,aligned-control,EW_GREEN,BALANCED,38,0.0,0.0,101.1309714856732,1.0,0
evaluation,OTHER,20,light,none,aligned-control,EW_GREEN,NS_GREEN,38,0.0,0.0,148.72535558753697,0.0,0
evaluation,OTHER,20,light,none,aligned-control,NS_GREEN,BALANCED,22,0.0,0.0,36.3098897499123,1.0,0
evaluation,OTHER,20,light,none,aligned-control,NS_GREEN,EW_GREEN,22,0.0,0.0,266.6075692213627,0.0,0
evaluation,OTHER,20,light,none,heterogeneity-omitted,EW_GREEN,BALANCED,38,0.04999999999999982,0.08749999999999991,100.51772903598092,1.0,0
evaluation,OTHER,20,light,none,heterogeneity-omitted,EW_GREEN,NS_GREEN,38,0.04999999999999982,0.0,147.6966433365609,0.0,0
evaluation,OTHER,20,light,none,heterogeneity-omitted,NS_GREEN,BALANCED,22,0.21250000000000036,0.2749999999999999,35.83608333713517,1.0,1
evaluation,OTHER,20,light,none,heterogeneity-omitted,NS_GREEN,EW_GREEN,22,0.21250000000000036,0.0,267.80439535927684,0.0,0
evaluation,OTHER,20,light,none,rate-and-incident-omitted,EW_GREEN,BALANCED,38,0.20000000000000018,0.42500000000000004,100.51772903598092,1.0,2
evaluation,OTHER,20,light,none,rate-and-incident-omitted,EW_GREEN,NS_GREEN,38,0.20000000000000018,0.0,147.6966433365609,0.0,0
evaluation,OTHER,20,light,none,rate-and-incident-omitted,NS_GREEN,BALANCED,22,1.6124999999999998,1.6500000000000004,35.83608333713517,1.0,2
evaluation,OTHER,20,light,none,rate-and-incident-omitted,NS_GREEN,EW_GREEN,12,1.2374999999999998,0.0,262.0764279702629,0.0,0
evaluation,OTHER,20,peak,blocked_ew,aligned-control,EW_GREEN,BALANCED,3,0.0,0.0,240.0,0.0,0
evaluation,OTHER,20,peak,blocked_ew,aligned-control,EW_GREEN,NS_GREEN,3,0.0,0.0,321.0,1.0,0
evaluation,OTHER,20,peak,blocked_ew,aligned-control,NS_GREEN,BALANCED,57,0.0,0.0,110.0,1.0,0
evaluation,OTHER,20,peak,blocked_ew,aligned-control,NS_GREEN,EW_GREEN,57,0.0,0.0,418.0,0.0,0
evaluation,OTHER,20,peak,blocked_ew,heterogeneity-omitted,EW_GREEN,BALANCED,3,0.0,0.25,239.0,0.0,0
evaluation,OTHER,20,peak,blocked_ew,heterogeneity-omitted,EW_GREEN,NS_GREEN,3,0.0,0.15000000000000036,318.0,1.0,0
evaluation,OTHER,20,peak,blocked_ew,heterogeneity-omitted,NS_GREEN,BALANCED,57,0.875,0.9500000000000011,106.0,1.0,0
evaluation,OTHER,20,peak,blocked_ew,heterogeneity-omitted,NS_GREEN,EW_GREEN,46,0.5999999999999996,0.0,409.0,0.0,0
evaluation,OTHER,20,peak,blocked_ew,rate-and-incident-omitted,EW_GREEN,BALANCED,3,12.150000000000002,7.15,239.0,1.0,0
evaluation,OTHER,20,peak,blocked_ew,rate-and-incident-omitted,EW_GREEN,NS_GREEN,3,12.150000000000002,0.8000000000000007,318.0,0.0,0
evaluation,OTHER,20,peak,blocked_ew,rate-and-incident-omitted,NS_GREEN,BALANCED,57,9.35,16.65,106.0,1.0,41
evaluation,OTHER,20,peak,blocked_ew,rate-and-incident-omitted,NS_GREEN,EW_GREEN,57,9.35,11.350000000000001,409.0,0.0,0
evaluation,OTHER,20,peak,none,aligned-control,EW_GREEN,BALANCED,2,0.0,0.0,281.5334903340617,0.5,0
evaluation,OTHER,20,peak,none,aligned-control,EW_GREEN,NS_GREEN,2,0.0,0.0,397.7464900187035,0.5,0
evaluation,OTHER,20,peak,none,aligned-control,NS_GREEN,BALANCED,58,0.0,0.0,131.22795755927646,1.0,0
evaluation,OTHER,20,peak,none,aligned-control,NS_GREEN,EW_GREEN,58,0.0,0.0,443.9250483481238,0.0,0
evaluation,OTHER,20,peak,none,heterogeneity-omitted,EW_GREEN,BALANCED,2,0.33750000000000124,1.5250000000000004,271.2983388010314,0.5,0
evaluation,OTHER,20,peak,none,heterogeneity-omitted,EW_GREEN,NS_GREEN,2,0.33750000000000124,0.5750000000000002,389.52714851498445,0.5,0
evaluation,OTHER,20,peak,none,heterogeneity-omitted,NS_GREEN,BALANCED,58,0.6249999999999982,0.8250000000000011,126.03785683300406,1.0,1
evaluation,OTHER,20,peak,none,heterogeneity-omitted,NS_GREEN,EW_GREEN,55,0.5500000000000007,0.05000000000000071,438.89775530959184,0.0,0
evaluation,OTHER,20,peak,none,rate-and-incident-omitted,EW_GREEN,BALANCED,2,1.1125000000000007,3.2750000000000012,271.2983388010314,1.0,0
evaluation,OTHER,20,peak,none,rate-and-incident-omitted,EW_GREEN,NS_GREEN,2,1.1125000000000007,1.125,389.52714851498445,0.0,0
evaluation,OTHER,20,peak,none,rate-and-incident-omitted,NS_GREEN,BALANCED,58,6.950000000000001,9.7625,126.03785683300406,1.0,24
evaluation,OTHER,20,peak,none,rate-and-incident-omitted,NS_GREEN,EW_GREEN,38,3.325,0.6250000000000018,468.52145093011416,0.0,0
heldout,HIGH_MIRROR_LOW_ALTERNATIVE,2,light,blocked_ew,rate-and-incident-omitted,EW_GREEN,NS_GREEN,26,3.0,0.0,2.0,0.0,0
heldout,HIGH_MIRROR_LOW_ALTERNATIVE,2,light,none,rate-and-incident-omitted,EW_GREEN,NS_GREEN,6,1.75,0.0,3.137455796365787,0.0,0
heldout,HIGH_MIRROR_LOW_ALTERNATIVE,2,light,none,rate-and-incident-omitted,NS_GREEN,EW_GREEN,8,1.75,0.0,2.5,0.0,0
heldout,HIGH_MIRROR_LOW_ALTERNATIVE,2,peak,none,rate-and-incident-omitted,NS_GREEN,EW_GREEN,8,1.75,0.0,2.7694218076158923,0.0,0
heldout,HIGH_MIRROR_LOW_ALTERNATIVE,6,light,blocked_ew,rate-and-incident-omitted,EW_GREEN,NS_GREEN,26,4.916666666666667,0.0,10.0,0.0,0
heldout,HIGH_MIRROR_LOW_ALTERNATIVE,6,light,none,rate-and-incident-omitted,EW_GREEN,NS_GREEN,1,2.0,0.0,37.918940951306695,0.0,0
heldout,HIGH_MIRROR_LOW_ALTERNATIVE,6,light,none,rate-and-incident-omitted,NS_GREEN,EW_GREEN,20,4.291666666666666,0.0,32.4233258081418,0.0,0
heldout,HIGH_MIRROR_LOW_ALTERNATIVE,6,peak,blocked_ew,heterogeneity-omitted,NS_GREEN,EW_GREEN,2,2.333333333333333,0.0,56.0,0.0,0
heldout,HIGH_MIRROR_LOW_ALTERNATIVE,6,peak,none,rate-and-incident-omitted,NS_GREEN,EW_GREEN,20,5.166666666666668,0.0,33.03400768005664,0.0,0
heldout,HIGH_MIRROR_LOW_ALTERNATIVE,20,light,blocked_ew,rate-and-incident-omitted,EW_GREEN,NS_GREEN,26,6.800000000000001,0.0,52.5,0.0,0
heldout,HIGH_MIRROR_LOW_ALTERNATIVE,20,light,none,rate-and-incident-omitted,NS_GREEN,EW_GREEN,9,2.375,0.0,287.75408379143937,0.0,0
heldout,HIGH_MIRROR_LOW_ALTERNATIVE,20,peak,blocked_ew,heterogeneity-omitted,NS_GREEN,EW_GREEN,8,1.9500000000000002,0.0,432.75,0.0,0
heldout,HIGH_MIRROR_LOW_ALTERNATIVE,20,peak,none,heterogeneity-omitted,NS_GREEN,EW_GREEN,3,1.875,0.0,431.5644207552905,0.0,0
heldout,HIGH_MIRROR_LOW_ALTERNATIVE,20,peak,none,rate-and-incident-omitted,NS_GREEN,EW_GREEN,20,13.087499999999999,0.0,399.8948630289962,0.0,0
heldout,LOW_MIRROR_HIGH_ALTERNATIVE,2,light,blocked_ew,heterogeneity-omitted,EW_GREEN,BALANCED,10,0.0,1.0,2.0,0.0,0
heldout,LOW_MIRROR_HIGH_ALTERNATIVE,2,light,blocked_ew,heterogeneity-omitted,EW_GREEN,NS_GREEN,2,0.0,1.25,3.0,1.0,0
heldout,LOW_MIRROR_HIGH_ALTERNATIVE,2,peak,blocked_ew,heterogeneity-omitted,EW_GREEN,BALANCED,3,0.0,1.0,2.0,0.0,0
heldout,LOW_MIRROR_HIGH_ALTERNATIVE,2,peak,blocked_ew,heterogeneity-omitted,EW_GREEN,NS_GREEN,1,0.0,1.0,4.0,1.0,0
heldout,LOW_MIRROR_HIGH_ALTERNATIVE,6,light,blocked_ew,heterogeneity-omitted,EW_GREEN,BALANCED,1,0.0,1.166666666666667,19.0,0.0,0
heldout,OTHER,2,light,blocked_ew,aligned-control,EW_GREEN,BALANCED,39,0.0,0.0,4.0,0.0,0
heldout,OTHER,2,light,blocked_ew,aligned-control,EW_GREEN,NS_GREEN,39,0.0,0.0,4.0,1.0,0
heldout,OTHER,2,light,blocked_ew,aligned-control,NS_GREEN,BALANCED,21,0.0,0.0,1.0,1.0,0
heldout,OTHER,2,light,blocked_ew,aligned-control,NS_GREEN,EW_GREEN,21,0.0,0.0,3.0,0.0,0
heldout,OTHER,2,light,blocked_ew,heterogeneity-omitted,EW_GREEN,BALANCED,29,0.0,0.0,2.0,0.0,0
heldout,OTHER,2,light,blocked_ew,heterogeneity-omitted,EW_GREEN,NS_GREEN,37,0.0,0.0,3.0,1.0,0
heldout,OTHER,2,light,blocked_ew,heterogeneity-omitted,NS_GREEN,BALANCED,21,0.25,0.5,1.0,1.0,0
heldout,OTHER,2,light,blocked_ew,heterogeneity-omitted,NS_GREEN,EW_GREEN,21,0.25,0.0,3.0,0.0,0
heldout,OTHER,2,light,blocked_ew,rate-and-incident-omitted,EW_GREEN,BALANCED,39,3.0,1.0,2.0,1.0,0
heldout,OTHER,2,light,blocked_ew,rate-and-incident-omitted,EW_GREEN,NS_GREEN,13,3.0,0.5,4.0,0.0,0
heldout,OTHER,2,light,blocked_ew,rate-and-incident-omitted,NS_GREEN,BALANCED,21,1.5,2.0,1.0,0.047619047619047616,0
heldout,OTHER,2,light,blocked_ew,rate-and-incident-omitted,NS_GREEN,EW_GREEN,21,1.5,4.0,3.0,0.9523809523809523,14
heldout,OTHER,2,light,none,aligned-control,EW_GREEN,BALANCED,39,0.0,0.0,4.47213595499958,0.5128205128205128,0
heldout,OTHER,2,light,none,aligned-control,EW_GREEN,NS_GREEN,39,0.0,0.0,5.06449510224598,0.48717948717948717,0
heldout,OTHER,2,light,none,aligned-control,NS_GREEN,BALANCED,21,0.0,0.0,1.0,0.9047619047619048,0
heldout,OTHER,2,light,none,aligned-control,NS_GREEN,EW_GREEN,21,0.0,0.0,3.0,0.09523809523809523,0
heldout,OTHER,2,light,none,heterogeneity-omitted,EW_GREEN,BALANCED,39,0.25,0.25,2.8284271247461903,0.5128205128205128,0
heldout,OTHER,2,light,none,heterogeneity-omitted,EW_GREEN,NS_GREEN,39,0.25,0.0,4.7235852642138845,0.48717948717948717,0
heldout,OTHER,2,light,none,heterogeneity-omitted,NS_GREEN,BALANCED,21,0.25,0.25,1.0,0.9047619047619048,0
heldout,OTHER,2,light,none,heterogeneity-omitted,NS_GREEN,EW_GREEN,21,0.25,0.0,3.3541019662496847,0.09523809523809523,0
heldout,OTHER,2,light,none,rate-and-incident-omitted,EW_GREEN,BALANCED,39,1.5,0.5,2.8284271247461903,1.0,0
heldout,OTHER,2,light,none,rate-and-incident-omitted,EW_GREEN,NS_GREEN,33,1.5,0.0,4.965053297900374,0.0,0
heldout,OTHER,2,light,none,rate-and-incident-omitted,NS_GREEN,BALANCED,21,1.5,1.0,1.0,1.0,1
heldout,OTHER,2,light,none,rate-and-incident-omitted,NS_GREEN,EW_GREEN,13,1.25,0.0,4.038843615231785,0.0,0
heldout,OTHER,2,peak,blocked_ew,aligned-control,EW_GREEN,BALANCED,6,0.0,0.0,4.0,0.0,0
heldout,OTHER,2,peak,blocked_ew,aligned-control,EW_GREEN,NS_GREEN,6,0.0,0.0,6.0,1.0,0
heldout,OTHER,2,peak,blocked_ew,aligned-control,NS_GREEN,BALANCED,54,0.0,0.0,2.0,1.0,0
heldout,OTHER,2,peak,blocked_ew,aligned-control,NS_GREEN,EW_GREEN,54,0.0,0.0,6.0,0.0,0
heldout,OTHER,2,peak,blocked_ew,heterogeneity-omitted,EW_GREEN,BALANCED,3,0.0,0.0,4.0,0.0,0
heldout,OTHER,2,peak,blocked_ew,heterogeneity-omitted,EW_GREEN,NS_GREEN,5,0.0,0.5,6.0,1.0,0
heldout,OTHER,2,peak,blocked_ew,heterogeneity-omitted,NS_GREEN,BALANCED,54,0.5,0.5,1.5,1.0,0
heldout,OTHER,2,peak,blocked_ew,heterogeneity-omitted,NS_GREEN,EW_GREEN,54,0.5,0.0,5.0,0.0,0
heldout,OTHER,2,peak,blocked_ew,rate-and-incident-omitted,EW_GREEN,BALANCED,6,3.0,3.5,3.0,0.16666666666666666,0
heldout,OTHER,2,peak,blocked_ew,rate-and-incident-omitted,EW_GREEN,NS_GREEN,6,3.0,2.5,5.5,0.8333333333333334,0
heldout,OTHER,2,peak,blocked_ew,rate-and-incident-omitted,NS_GREEN,BALANCED,54,2.375,2.5,1.5,0.6296296296296297,0
heldout,OTHER,2,peak,blocked_ew,rate-and-incident-omitted,NS_GREEN,EW_GREEN,54,2.375,3.0,5.0,0.37037037037037035,20
heldout,OTHER,2,peak,none,aligned-control,EW_GREEN,BALANCED,2,0.0,0.0,4.47213595499958,0.0,0
heldout,OTHER,2,peak,none,aligned-control,EW_GREEN,NS_GREEN,2,0.0,0.0,6.708203932499369,1.0,0
heldout,OTHER,2,peak,none,aligned-control,NS_GREEN,BALANCED,58,0.0,0.0,2.23606797749979,0.9655172413793104,0
heldout,OTHER,2,peak,none,aligned-control,NS_GREEN,EW_GREEN,58,0.0,0.0,6.708203932499369,0.034482758620689655,0
heldout,OTHER,2,peak,none,heterogeneity-omitted,EW_GREEN,BALANCED,2,0.5,1.0,4.47213595499958,0.0,0
heldout,OTHER,2,peak,none,heterogeneity-omitted,EW_GREEN,NS_GREEN,2,0.5,1.0,7.826237921249264,1.0,0
heldout,OTHER,2,peak,none,heterogeneity-omitted,NS_GREEN,BALANCED,58,0.5,0.5,2.23606797749979,0.9655172413793104,0
heldout,OTHER,2,peak,none,heterogeneity-omitted,NS_GREEN,EW_GREEN,58,0.5,0.0,5.5901699437494745,0.034482758620689655,0
heldout,OTHER,2,peak,none,rate-and-incident-omitted,EW_GREEN,BALANCED,2,1.25,2.25,4.47213595499958,0.0,0
heldout,OTHER,2,peak,none,rate-and-incident-omitted,EW_GREEN,NS_GREEN,2,1.25,2.0,7.826237921249264,1.0,0
heldout,OTHER,2,peak,none,rate-and-incident-omitted,NS_GREEN,BALANCED,58,2.5,2.125,2.23606797749979,1.0,0
heldout,OTHER,2,peak,none,rate-and-incident-omitted,NS_GREEN,EW_GREEN,50,2.75,1.375,5.5901699437494745,0.0,0
heldout,OTHER,6,light,blocked_ew,aligned-control,EW_GREEN,BALANCED,39,0.0,0.0,12.0,0.0,0
heldout,OTHER,6,light,blocked_ew,aligned-control,EW_GREEN,NS_GREEN,39,0.0,0.0,12.0,1.0,0
heldout,OTHER,6,light,blocked_ew,aligned-control,NS_GREEN,BALANCED,21,0.0,0.0,12.0,1.0,0
heldout,OTHER,6,light,blocked_ew,aligned-control,NS_GREEN,EW_GREEN,21,0.0,0.0,31.0,0.0,0
heldout,OTHER,6,light,blocked_ew,heterogeneity-omitted,EW_GREEN,BALANCED,38,0.0,0.0,11.5,0.0,0
heldout,OTHER,6,light,blocked_ew,heterogeneity-omitted,EW_GREEN,NS_GREEN,39,0.0,0.0,12.0,1.0,0
heldout,OTHER,6,light,blocked_ew,heterogeneity-omitted,NS_GREEN,BALANCED,21,0.5,0.5833333333333357,12.0,1.0,0
heldout,OTHER,6,light,blocked_ew,heterogeneity-omitted,NS_GREEN,EW_GREEN,21,0.5,0.0,31.5,0.0,0
heldout,OTHER,6,light,blocked_ew,rate-and-incident-omitted,EW_GREEN,BALANCED,39,4.333333333333334,2.0,12.0,1.0,0
heldout,OTHER,6,light,blocked_ew,rate-and-incident-omitted,EW_GREEN,NS_GREEN,13,4.333333333333332,0.16666666666666696,18.0,0.0,0
heldout,OTHER,6,light,blocked_ew,rate-and-incident-omitted,NS_GREEN,BALANCED,21,4.25,4.916666666666668,12.0,1.0,1
heldout,OTHER,6,light,blocked_ew,rate-and-incident-omitted,NS_GREEN,EW_GREEN,21,4.25,4.5,31.5,0.0,0
heldout,OTHER,6,light,none,aligned-control,EW_GREEN,BALANCED,39,0.0,0.0,22.469413449533644,1.0,0
heldout,OTHER,6,light,none,aligned-control,EW_GREEN,NS_GREEN,39,0.0,0.0,27.688442603129143,0.0,0
heldout,OTHER,6,light,none,aligned-control,NS_GREEN,BALANCED,21,0.0,0.0,12.44193613341567,1.0,0
heldout,OTHER,6,light,none,aligned-control,NS_GREEN,EW_GREEN,21,0.0,0.0,31.466164931399998,0.0,0
heldout,OTHER,6,light,none,heterogeneity-omitted,EW_GREEN,BALANCED,39,0.16666666666666696,0.16666666666666696,22.13289841530804,1.0,0
heldout,OTHER,6,light,none,heterogeneity-omitted,EW_GREEN,NS_GREEN,39,0.16666666666666696,0.0,26.972144710298416,0.0,0
heldout,OTHER,6,light,none,heterogeneity-omitted,NS_GREEN,BALANCED,21,0.5,0.5833333333333339,13.919306483427349,1.0,0
heldout,OTHER,6,light,none,heterogeneity-omitted,NS_GREEN,EW_GREEN,21,0.5,0.0,32.30129059909633,0.0,0
heldout,OTHER,6,light,none,rate-and-incident-omitted,EW_GREEN,BALANCED,39,0.6666666666666665,0.75,22.13289841530804,1.0,1
heldout,OTHER,6,light,none,rate-and-incident-omitted,EW_GREEN,NS_GREEN,38,0.6666666666666665,0.0,26.84017432139889,0.0,0
heldout,OTHER,6,light,none,rate-and-incident-omitted,NS_GREEN,BALANCED,21,4.166666666666667,3.166666666666666,13.919306483427349,1.0,0
heldout,OTHER,6,light,none,rate-and-incident-omitted,NS_GREEN,EW_GREEN,1,0.3333333333333335,0.33333333333333304,28.37010772218997,0.0,0
heldout,OTHER,6,peak,blocked_ew,aligned-control,EW_GREEN,BALANCED,6,0.0,0.0,30.0,0.0,0
heldout,OTHER,6,peak,blocked_ew,aligned-control,EW_GREEN,NS_GREEN,6,0.0,0.0,39.5,1.0,0
heldout,OTHER,6,peak,blocked_ew,aligned-control,NS_GREEN,BALANCED,54,0.0,0.0,12.0,1.0,0
heldout,OTHER,6,peak,blocked_ew,aligned-control,NS_GREEN,EW_GREEN,54,0.0,0.0,42.0,0.0,0
heldout,OTHER,6,peak,blocked_ew,heterogeneity-omitted,EW_GREEN,BALANCED,6,0.0,0.16666666666666785,29.5,0.0,0
heldout,OTHER,6,peak,blocked_ew,heterogeneity-omitted,EW_GREEN,NS_GREEN,6,0.0,0.16666666666666696,39.5,1.0,0
heldout,OTHER,6,peak,blocked_ew,heterogeneity-omitted,NS_GREEN,BALANCED,54,0.6666666666666643,0.6666666666666679,12.0,1.0,0
heldout,OTHER,6,peak,blocked_ew,heterogeneity-omitted,NS_GREEN,EW_GREEN,52,0.625,0.0,37.0,0.0,0
heldout,OTHER,6,peak,blocked_ew,rate-and-incident-omitted,EW_GREEN,BALANCED,6,8.166666666666666,4.666666666666667,29.5,1.0,0
heldout,OTHER,6,peak,blocked_ew,rate-and-incident-omitted,EW_GREEN,NS_GREEN,6,8.166666666666666,1.583333333333333,39.5,0.0,0
heldout,OTHER,6,peak,blocked_ew,rate-and-incident-omitted,NS_GREEN,BALANCED,54,5.333333333333334,6.333333333333332,12.0,0.8703703703703703,7
heldout,OTHER,6,peak,blocked_ew,rate-and-incident-omitted,NS_GREEN,EW_GREEN,54,5.333333333333334,7.666666666666666,37.5,0.12962962962962962,0
heldout,OTHER,6,peak,none,aligned-control,EW_GREEN,BALANCED,2,0.0,0.0,38.70011890781114,0.5,0
heldout,OTHER,6,peak,none,aligned-control,EW_GREEN,NS_GREEN,2,0.0,0.0,48.206272978731434,0.5,0
heldout,OTHER,6,peak,none,aligned-control,NS_GREEN,BALANCED,58,0.0,0.0,13.919306483427349,1.0,0
heldout,OTHER,6,peak,none,aligned-control,NS_GREEN,EW_GREEN,58,0.0,0.0,51.725554958293046,0.0,0
heldout,OTHER,6,peak,none,heterogeneity-omitted,EW_GREEN,BALANCED,2,0.833333333333333,1.083333333333334,45.18412604999628,0.5,0
heldout,OTHER,6,peak,none,heterogeneity-omitted,EW_GREEN,NS_GREEN,2,0.833333333333333,0.833333333333333,54.69648608700736,0.5,0
heldout,OTHER,6,peak,none,heterogeneity-omitted,NS_GREEN,BALANCED,58,0.6250000000000009,0.5833333333333357,13.919306483427349,1.0,0
heldout,OTHER,6,peak,none,heterogeneity-omitted,NS_GREEN,EW_GREEN,58,0.6250000000000009,0.16666666666666785,46.11182974583515,0.0,0
heldout,OTHER,6,peak,none,rate-and-incident-omitted,EW_GREEN,BALANCED,2,2.0833333333333335,1.9999999999999996,45.18412604999628,1.0,0
heldout,OTHER,6,peak,none,rate-and-incident-omitted,EW_GREEN,NS_GREEN,2,2.0833333333333335,0.75,54.69648608700736,0.0,0
heldout,OTHER,6,peak,none,rate-and-incident-omitted,NS_GREEN,BALANCED,58,5.791666666666665,5.458333333333332,13.919306483427349,1.0,7
heldout,OTHER,6,peak,none,rate-and-incident-omitted,NS_GREEN,EW_GREEN,38,6.166666666666668,2.291666666666666,52.056259350594836,0.0,0
heldout,OTHER,20,light,blocked_ew,aligned-control,EW_GREEN,BALANCED,39,0.0,0.0,52.0,0.0,0
heldout,OTHER,20,light,blocked_ew,aligned-control,EW_GREEN,NS_GREEN,39,0.0,0.0,76.0,1.0,0
heldout,OTHER,20,light,blocked_ew,aligned-control,NS_GREEN,BALANCED,21,0.0,0.0,15.0,1.0,0
heldout,OTHER,20,light,blocked_ew,aligned-control,NS_GREEN,EW_GREEN,21,0.0,0.0,281.0,0.0,0
heldout,OTHER,20,light,blocked_ew,heterogeneity-omitted,EW_GREEN,BALANCED,39,0.0,0.0,51.0,0.0,0
heldout,OTHER,20,light,blocked_ew,heterogeneity-omitted,EW_GREEN,NS_GREEN,39,0.0,0.0,76.0,1.0,0
heldout,OTHER,20,light,blocked_ew,heterogeneity-omitted,NS_GREEN,BALANCED,21,0.22499999999999964,0.3500000000000014,17.0,1.0,0
heldout,OTHER,20,light,blocked_ew,heterogeneity-omitted,NS_GREEN,EW_GREEN,21,0.22499999999999964,0.0,276.5,0.0,0
heldout,OTHER,20,light,blocked_ew,rate-and-incident-omitted,EW_GREEN,BALANCED,39,6.1499999999999995,3.4000000000000004,51.0,1.0,0
heldout,OTHER,20,light,blocked_ew,rate-and-incident-omitted,EW_GREEN,NS_GREEN,13,5.249999999999999,0.04999999999999982,95.0,0.0,0
heldout,OTHER,20,light,blocked_ew,rate-and-incident-omitted,NS_GREEN,BALANCED,21,1.5750000000000002,4.8,17.0,1.0,21
heldout,OTHER,20,light,blocked_ew,rate-and-incident-omitted,NS_GREEN,EW_GREEN,21,1.5750000000000002,6.100000000000001,276.5,0.0,0
heldout,OTHER,20,light,none,aligned-control,EW_GREEN,BALANCED,39,0.0,0.0,99.32744487191202,1.0,0
heldout,OTHER,20,light,none,aligned-control,EW_GREEN,NS_GREEN,39,0.0,0.0,147.86526968168545,0.0,0
heldout,OTHER,20,light,none,aligned-control,NS_GREEN,BALANCED,21,0.0,0.0,40.495097567963924,1.0,0
heldout,OTHER,20,light,none,aligned-control,NS_GREEN,EW_GREEN,21,0.0,0.0,273.12199282983926,0.0,0
heldout,OTHER,20,light,none,heterogeneity-omitted,EW_GREEN,BALANCED,39,0.050000000000000266,0.09999999999999964,99.32744487191202,1.0,1
heldout,OTHER,20,light,none,heterogeneity-omitted,EW_GREEN,NS_GREEN,39,0.050000000000000266,0.0,147.57818758778086,0.0,0
heldout,OTHER,20,light,none,heterogeneity-omitted,NS_GREEN,BALANCED,21,0.20000000000000018,0.34999999999999964,39.629276816037056,1.0,0
heldout,OTHER,20,light,none,heterogeneity-omitted,NS_GREEN,EW_GREEN,21,0.20000000000000018,0.0,272.53143758775104,0.0,0
heldout,OTHER,20,light,none,rate-and-incident-omitted,EW_GREEN,BALANCED,39,0.20000000000000018,0.4249999999999998,99.32744487191202,1.0,4
heldout,OTHER,20,light,none,rate-and-incident-omitted,EW_GREEN,NS_GREEN,39,0.20000000000000018,0.0,147.57818758778086,0.0,0
heldout,OTHER,20,light,none,rate-and-incident-omitted,NS_GREEN,BALANCED,21,1.5999999999999996,1.8249999999999997,39.629276816037056,1.0,2
heldout,OTHER,20,light,none,rate-and-incident-omitted,NS_GREEN,EW_GREEN,12,1.3124999999999998,0.0,263.08577281090754,0.0,0
heldout,OTHER,20,peak,blocked_ew,aligned-control,EW_GREEN,BALANCED,6,0.0,0.0,256.5,0.0,0
heldout,OTHER,20,peak,blocked_ew,aligned-control,EW_GREEN,NS_GREEN,6,0.0,0.0,320.5,1.0,0
heldout,OTHER,20,peak,blocked_ew,aligned-control,NS_GREEN,BALANCED,54,0.0,0.0,110.0,1.0,0
heldout,OTHER,20,peak,blocked_ew,aligned-control,NS_GREEN,EW_GREEN,54,0.0,0.0,404.0,0.0,0
heldout,OTHER,20,peak,blocked_ew,heterogeneity-omitted,EW_GREEN,BALANCED,6,0.0,0.20000000000000107,254.0,0.0,0
heldout,OTHER,20,peak,blocked_ew,heterogeneity-omitted,EW_GREEN,NS_GREEN,6,0.0,0.1750000000000007,317.5,1.0,0
heldout,OTHER,20,peak,blocked_ew,heterogeneity-omitted,NS_GREEN,BALANCED,54,0.6624999999999979,0.8999999999999986,98.0,1.0,0
heldout,OTHER,20,peak,blocked_ew,heterogeneity-omitted,NS_GREEN,EW_GREEN,46,0.5749999999999993,0.0,398.5,0.0,0
heldout,OTHER,20,peak,blocked_ew,rate-and-incident-omitted,EW_GREEN,BALANCED,6,14.449999999999998,7.750000000000001,254.0,1.0,0
heldout,OTHER,20,peak,blocked_ew,rate-and-incident-omitted,EW_GREEN,NS_GREEN,6,14.449999999999998,0.8250000000000011,317.5,0.0,0
heldout,OTHER,20,peak,blocked_ew,rate-and-incident-omitted,NS_GREEN,BALANCED,54,8.8625,15.837499999999999,98.0,1.0,40
heldout,OTHER,20,peak,blocked_ew,rate-and-incident-omitted,NS_GREEN,EW_GREEN,54,8.8625,12.125000000000004,399.5,0.0,0
heldout,OTHER,20,peak,none,aligned-control,EW_GREEN,BALANCED,2,0.0,0.0,296.3955344047314,0.5,0
heldout,OTHER,20,peak,none,aligned-control,EW_GREEN,NS_GREEN,2,0.0,0.0,418.5807788090401,0.5,0
heldout,OTHER,20,peak,none,aligned-control,NS_GREEN,BALANCED,58,0.0,0.0,140.1166014533976,1.0,0
heldout,OTHER,20,peak,none,aligned-control,NS_GREEN,EW_GREEN,58,0.0,0.0,472.45428746975074,0.0,0
heldout,OTHER,20,peak,none,heterogeneity-omitted,EW_GREEN,BALANCED,2,0.34999999999999964,0.28749999999999964,304.2232225885859,0.5,0
heldout,OTHER,20,peak,none,heterogeneity-omitted,EW_GREEN,NS_GREEN,2,0.34999999999999964,0.2500000000000009,419.1089637151199,0.5,0
heldout,OTHER,20,peak,none,heterogeneity-omitted,NS_GREEN,BALANCED,58,0.8000000000000007,0.7125000000000004,128.44855566995307,1.0,0
heldout,OTHER,20,peak,none,heterogeneity-omitted,NS_GREEN,EW_GREEN,55,0.6749999999999972,0.07500000000000284,476.03688843619767,0.0,0
heldout,OTHER,20,peak,none,rate-and-incident-omitted,EW_GREEN,BALANCED,2,0.6250000000000018,2.4375,304.2232225885859,1.0,0
heldout,OTHER,20,peak,none,rate-and-incident-omitted,EW_GREEN,NS_GREEN,2,0.6250000000000018,1.0000000000000009,419.1089637151199,0.0,0
heldout,OTHER,20,peak,none,rate-and-incident-omitted,NS_GREEN,BALANCED,58,9.0125,11.75,128.44855566995307,1.0,35
heldout,OTHER,20,peak,none,rate-and-incident-omitted,NS_GREEN,EW_GREEN,38,6.800000000000001,0.6874999999999982,488.978455217269,0.0,0
