series,error_taxonomy,signal_phase,anchors,share_of_group,fp,fn,tp,tn,gate_pass_rate,coverage_rate,median_mirror_absolute_error,median_alternative_absolute_error,median_estimated_gain,median_reference_gain,median_reference_improvement,median_queue_total,median_queue_imbalance_abs,median_choice_value_loss
calibration,high_mirror_high_alternative,EW_GREEN,158,22.571428571428573,33,1,8,116,0.25949367088607594,0.3987341772151899,4.500000000000001,5.0,3.416666666666668,-1.8333333333333321,-1.8333333333333321,24.5,17.0,1.8333333333333321
calibration,high_mirror_high_alternative,NS_GREEN,288,41.142857142857146,66,37,43,142,0.3784722222222222,0.5277777777777778,4.333333333333333,3.925,4.225,-0.75,-0.75,17.0,4.0,0.9166666666666679
calibration,intermediate,EW_GREEN,309,44.142857142857146,38,5,26,240,0.20711974110032363,0.5760517799352751,0.75,0.5833333333333357,-0.5,-0.75,-0.75,21,16,0.75
calibration,intermediate,NS_GREEN,552,78.85714285714286,31,46,140,335,0.30978260869565216,0.5434782608695652,0.5,0.6666666666666663,0.0,-0.5791666666666657,-0.5791666666666657,8.0,3.0,0.5833333333333327
calibration,low_mirror_high_alternative,NS_GREEN,2,0.2857142857142857,1,0,1,0,1.0,0.0,0.0,2.641666666666666,4.4,4.591666666666666,4.591666666666666,12.5,0.5,0.3250000000000002
calibration,low_mirror_low_alternative,EW_GREEN,253,36.142857142857146,0,0,19,234,0.07509881422924901,1.0,0.0,0.0,-0.8333333333333321,-0.8333333333333321,-0.8333333333333321,22.0,17.0,0.8333333333333321
calibration,low_mirror_low_alternative,NS_GREEN,598,85.42857142857143,0,0,260,338,0.43478260869565216,1.0,0.0,0.0,-0.10000000000000075,-0.10000000000000075,-0.10000000000000075,8.0,3.0,0.10000000000000075
heldout_evaluation,high_mirror_high_alternative,EW_GREEN,156,26.0,38,1,6,111,0.28205128205128205,0.40384615384615385,4.916666666666664,4.999999999999998,3.2499999999999982,-1.6666666666666714,-1.6666666666666714,24.0,17.0,1.6666666666666714
heldout_evaluation,high_mirror_high_alternative,NS_GREEN,314,52.333333333333336,70,41,65,138,0.4299363057324841,0.5955414012738853,4.775,4.0,5.0,-0.6833333333333353,-0.6833333333333353,18.0,4.0,0.8333333333333321
heldout_evaluation,intermediate,EW_GREEN,304,50.666666666666664,32,3,26,243,0.19078947368421054,0.5592105263157895,0.6666666666666643,0.5833333333333304,-0.44583333333333286,-0.75,-0.75,21.0,16.0,0.75
heldout_evaluation,intermediate,NS_GREEN,523,87.16666666666667,14,50,156,303,0.32504780114722753,0.47036328871892924,0.5,0.5,0.16666666666666785,-0.5,-0.5,8.0,3.0,0.5
heldout_evaluation,low_mirror_low_alternative,EW_GREEN,260,43.333333333333336,0,0,17,243,0.06538461538461539,1.0,0.0,0.0,-0.816666666666666,-0.816666666666666,-0.816666666666666,22.0,16.0,0.816666666666666
heldout_evaluation,low_mirror_low_alternative,NS_GREEN,603,100.5,0,0,289,314,0.4792703150912106,1.0,0.0,0.0,0.0,0.0,0.0,8.0,3.0,0.0
initial_evaluation,high_mirror_high_alternative,EW_GREEN,160,26.666666666666668,38,1,7,114,0.28125,0.39375,4.916666666666668,5.25,3.666666666666668,-1.6666666666666679,-1.6666666666666679,23.0,18.5,1.6666666666666679
initial_evaluation,high_mirror_high_alternative,NS_GREEN,310,51.666666666666664,70,41,45,154,0.3709677419354839,0.5774193548387097,4.500000000000001,4.0,4.75,-0.75,-0.75,18.0,4.0,0.9500000000000011
initial_evaluation,intermediate,EW_GREEN,280,46.666666666666664,37,5,20,218,0.20357142857142857,0.6035714285714285,0.6499999999999995,0.6666666666666652,-0.46250000000000036,-0.9166666666666679,-0.9166666666666679,21.5,16.0,0.9166666666666679
initial_evaluation,intermediate,NS_GREEN,483,80.5,13,60,122,288,0.2795031055900621,0.5445134575569358,0.5,0.5,0.0,-0.5,-0.5,8.0,3.0,0.5
initial_evaluation,low_mirror_low_alternative,EW_GREEN,280,46.666666666666664,0,0,18,262,0.06428571428571428,1.0,0.0,0.0,-0.5,-0.5,-0.5,22.0,16.0,0.5
initial_evaluation,low_mirror_low_alternative,NS_GREEN,647,107.83333333333333,0,0,293,354,0.4528593508500773,1.0,0.0,0.0,0.0,0.0,0.0,8.0,3.0,0.0
