series,horizon_ticks,demand_regime,incident_regime,mismatch_regime,runs,mirror_to_alternative_error_spearman,reference_divergence_to_alternative_error_spearman,sem_divergence_to_alternative_error_spearman,state_imbalance_to_alternative_error_spearman,reference_divergence_to_reference_gain_spearman
calibration,2,light,blocked_ew,aligned-control,20,,,,,0.5171740086700765
calibration,2,light,blocked_ew,heterogeneity-omitted,20,0.22809994248865978,0.32094195655986885,0.3942668210114901,-0.502830292495541,0.368459274551687
calibration,2,light,blocked_ew,rate-and-incident-omitted,20,-0.2647745448389919,0.14424617125939174,0.34300172714554467,-0.6901961960668065,0.368459274551687
calibration,2,light,none,aligned-control,20,,,,,0.9248521918019634
calibration,2,light,none,heterogeneity-omitted,20,0.34820665955566305,-0.026505293218296783,0.4749343229597354,0.04936706309108325,0.03811325096563637
calibration,2,light,none,rate-and-incident-omitted,20,0.8769991729466393,-0.596607837641864,0.47798567411334036,-0.5490553355012351,0.03811325096563637
calibration,2,peak,blocked_ew,aligned-control,20,,,,,1.0
calibration,2,peak,blocked_ew,heterogeneity-omitted,20,0.44904074836799096,0.33649329818887536,0.42695628191498325,-0.2814608145421826,-0.5263171674927777
calibration,2,peak,blocked_ew,rate-and-incident-omitted,20,0.7990152875736787,-0.5252678227565694,0.18628777854997577,0.4028788656947609,-0.5263171674927777
calibration,2,peak,none,aligned-control,20,,,,,0.9971128007387301
calibration,2,peak,none,heterogeneity-omitted,20,0.9493219912044569,0.23536632075157385,-0.33231290423558246,-0.06907795435574911,-0.21935410947164996
calibration,2,peak,none,rate-and-incident-omitted,20,0.7731613704807085,-0.5917134761856448,0.07543679660858328,0.06077170191216513,-0.21935410947164996
calibration,6,light,blocked_ew,aligned-control,20,,,,,0.207609015044423
calibration,6,light,blocked_ew,heterogeneity-omitted,20,0.08656973666337492,0.6576401858372148,0.6761792295750166,-0.4845839165381874,0.10962528688388701
calibration,6,light,blocked_ew,rate-and-incident-omitted,20,-0.11531290646631577,0.30220197418375094,0.4903723665349155,-0.49406872927961454,0.10962528688388701
calibration,6,light,none,aligned-control,20,,,,,0.4370064242854308
calibration,6,light,none,heterogeneity-omitted,20,0.3018981844338388,0.27847719457558473,0.5516572686021773,-0.4035323848422834,0.22556390977443608
calibration,6,light,none,rate-and-incident-omitted,20,0.44461505025520304,0.3093716687859345,0.5939032765744581,-0.26246739561844906,0.22556390977443608
calibration,6,peak,blocked_ew,aligned-control,20,,,,,0.8778622909288577
calibration,6,peak,blocked_ew,heterogeneity-omitted,20,0.5953128612001883,0.13290444113770583,0.14255876057534544,0.05217097995359178,0.2907247259605096
calibration,6,peak,blocked_ew,rate-and-incident-omitted,20,0.4633321124953965,-0.5932926795950546,-0.1195938407252728,0.511010947308213,0.2907247259605096
calibration,6,peak,none,aligned-control,20,,,,,0.8103419892204493
calibration,6,peak,none,heterogeneity-omitted,20,0.8162962601437272,0.34173902099468184,-0.03239171604524861,0.21837992858844762,-0.14823179516040452
calibration,6,peak,none,rate-and-incident-omitted,20,0.6777110355137979,-0.5152313263950432,0.0218209179834462,-0.048152642758345236,-0.14823179516040452
calibration,20,light,blocked_ew,aligned-control,20,,,,,0.427980474042014
calibration,20,light,blocked_ew,heterogeneity-omitted,20,0.13851157866139988,0.552373107010437,0.5416056000511692,-0.48970877582002487,0.42346749892030555
calibration,20,light,blocked_ew,rate-and-incident-omitted,20,-0.0990211124111827,0.3288186606471031,0.2346747063288372,-0.5793762233752342,0.42346749892030555
calibration,20,light,none,aligned-control,20,,,,,0.38585937290606886
calibration,20,light,none,heterogeneity-omitted,20,0.1304842642998837,0.41974485561556635,0.40844113418965344,-0.30553125462958813,0.4061677609537567
calibration,20,light,none,rate-and-incident-omitted,20,0.5182967898911035,0.6242948918363297,0.6257992168768992,-0.19266449305138267,0.4061677609537567
calibration,20,peak,blocked_ew,aligned-control,20,,,,,0.0328603592107996
calibration,20,peak,blocked_ew,heterogeneity-omitted,20,0.6834968029650542,0.23578169477593924,0.16979854675056938,0.06606076803735395,-0.19029711763203785
calibration,20,peak,blocked_ew,rate-and-incident-omitted,20,-0.13082706766917293,0.024069200649111507,0.3383458646616541,0.37757188688351645,-0.19029711763203785
calibration,20,peak,none,aligned-control,20,,,,,0.35037593984962406
calibration,20,peak,none,heterogeneity-omitted,20,0.7486834324091498,0.13533834586466165,0.007518796992481203,0.12224644281158803,-0.021052631578947368
calibration,20,peak,none,rate-and-incident-omitted,20,0.5473684210526316,-0.48270676691729325,0.6195488721804512,0.2681781339179212,-0.021052631578947368
evaluation,2,light,blocked_ew,aligned-control,20,,,,,0.6738775649140613
evaluation,2,light,blocked_ew,heterogeneity-omitted,20,,0.05867398963755533,0.1496710850223124,-0.17895703533641005,0.5996258056117244
evaluation,2,light,blocked_ew,rate-and-incident-omitted,20,-0.30611677999286036,0.3901690053074674,0.7110851398700115,-0.710369354093783,0.5996258056117244
evaluation,2,light,none,aligned-control,20,,,,,0.9482375753661776
evaluation,2,light,none,heterogeneity-omitted,20,0.6858724995247526,-0.19907854480002557,-0.16532537925562327,0.5820279761198718,0.658508652355595
evaluation,2,light,none,rate-and-incident-omitted,20,0.40575705363689996,-0.2678567479289247,0.384229008586312,-0.023791606891696383,0.658508652355595
evaluation,2,peak,blocked_ew,aligned-control,20,,,,,1.0
evaluation,2,peak,blocked_ew,heterogeneity-omitted,20,0.7655369198736799,-0.6258509787440208,0.07256213889031232,0.2673857453407714,-0.5619462673257576
evaluation,2,peak,blocked_ew,rate-and-incident-omitted,20,0.8014711480970946,-0.49173313749096154,0.042256179365893605,0.09129462506406039,-0.5619462673257576
evaluation,2,peak,none,aligned-control,20,,,,,0.9570788891204318
evaluation,2,peak,none,heterogeneity-omitted,20,0.9898734177215189,-0.28726159548981756,-0.020130376735435145,0.19633355176873354,0.14378840712564567
evaluation,2,peak,none,rate-and-incident-omitted,20,0.7915964011931137,-0.49408631077515974,-0.09976617399541896,-0.099330078955638,0.14378840712564567
evaluation,6,light,blocked_ew,aligned-control,20,,,,,0.5661625769356047
evaluation,6,light,blocked_ew,heterogeneity-omitted,20,,0.5486511416815937,0.5782489732193264,-0.5302121272848594,0.5852689778512729
evaluation,6,light,blocked_ew,rate-and-incident-omitted,20,0.4179562318935247,0.2237339380196523,0.6709408956030477,0.17192187239871584,0.5852689778512729
evaluation,6,light,none,aligned-control,20,,,,,0.24511278195488723
evaluation,6,light,none,heterogeneity-omitted,20,0.17627230762369486,0.15274420584374096,0.2773713190694798,0.20000865388776312,0.2128619932405799
evaluation,6,light,none,rate-and-incident-omitted,20,0.30011327166724183,0.4000007093198421,0.5009425079052636,0.4361064398534206,0.2128619932405799
evaluation,6,peak,blocked_ew,aligned-control,20,,,,,0.6796738348201513
evaluation,6,peak,blocked_ew,heterogeneity-omitted,20,0.45761115077518066,0.331573002967822,0.4028106154490836,0.17640538053363575,-0.306130145755887
evaluation,6,peak,blocked_ew,rate-and-incident-omitted,20,0.6000757700130567,-0.7475517156593369,-0.012806049074269897,0.020168134406375188,-0.306130145755887
evaluation,6,peak,none,aligned-control,20,,,,,0.835032623071223
evaluation,6,peak,none,heterogeneity-omitted,20,0.8100462414165437,0.06325308378066442,-0.07164404223227752,0.20648188488537206,-0.1881822802834151
evaluation,6,peak,none,rate-and-incident-omitted,20,0.5487392183902655,-0.4123402220705669,0.5395630770925897,-0.0935036984921624,-0.1881822802834151
evaluation,20,light,blocked_ew,aligned-control,20,,,,,0.5265137641993142
evaluation,20,light,blocked_ew,heterogeneity-omitted,20,,0.5624956782817079,0.5637831842514521,-0.5421589987016072,0.544360902255639
evaluation,20,light,blocked_ew,rate-and-incident-omitted,20,0.6749529668963432,-0.17463315610300922,0.6179906084507353,0.5643115483983109,0.544360902255639
evaluation,20,light,none,aligned-control,20,,,,,-0.3533834586466165
evaluation,20,light,none,heterogeneity-omitted,20,0.18953774632016152,0.11409280022615137,0.09595884522331936,-0.1144637946297801,-0.3308270676691729
evaluation,20,light,none,rate-and-incident-omitted,20,0.22574686727293525,0.5633697276932662,0.6100038039509198,0.25436398213451394,-0.3308270676691729
evaluation,20,peak,blocked_ew,aligned-control,20,,,,,-0.06721967502285325
evaluation,20,peak,blocked_ew,heterogeneity-omitted,20,0.543846481875126,0.00977811276370155,0.08204842321617022,0.2956071286595301,-0.5022556390977444
evaluation,20,peak,blocked_ew,rate-and-incident-omitted,20,0.2656132430398796,-0.0436254261765146,0.7461452201224568,0.44151090424469663,-0.5022556390977444
evaluation,20,peak,none,aligned-control,20,,,,,0.649624060150376
evaluation,20,peak,none,heterogeneity-omitted,20,0.8260551536593913,0.43609022556390975,0.3593984962406015,-0.010810472389548735,0.281203007518797
evaluation,20,peak,none,rate-and-incident-omitted,20,0.4105263157894737,-0.24661654135338346,0.7774436090225564,-0.12045954948354305,0.281203007518797
heldout,2,light,blocked_ew,aligned-control,20,,,,,0.7034099885020106
heldout,2,light,blocked_ew,heterogeneity-omitted,20,0.3629153731110539,-0.47468752017025123,0.20050221449583022,-0.41694766599183597,0.47174916765584246
heldout,2,light,blocked_ew,rate-and-incident-omitted,20,-0.014201751459124163,-0.30867266757379774,0.4961140063193688,-0.2627099210795913,0.47174916765584246
heldout,2,light,none,aligned-control,20,,,,,0.9188686632229682
heldout,2,light,none,heterogeneity-omitted,20,0.598127408589158,-0.0566213271342812,0.5471341263459897,-0.3028646056675462,0.008365057711180724
heldout,2,light,none,rate-and-incident-omitted,20,0.35110670405270866,-0.217478821094169,0.7221508706038795,-0.07951391312452492,0.008365057711180724
heldout,2,peak,blocked_ew,aligned-control,20,,,,,1.0
heldout,2,peak,blocked_ew,heterogeneity-omitted,20,0.49852974374592257,-0.14668101881302556,0.24495434590745144,-0.07301219768449484,-0.5237004588618778
heldout,2,peak,blocked_ew,rate-and-incident-omitted,20,0.762137775748747,-0.2777678324185915,0.31250387437396093,0.06653363220625819,-0.5237004588618778
heldout,2,peak,none,aligned-control,20,,,,,0.960097760385476
heldout,2,peak,none,heterogeneity-omitted,20,0.8703960288288382,0.33298486575596,0.5470935020076275,-0.1731695081328732,-0.3945291595213541
heldout,2,peak,none,rate-and-incident-omitted,20,0.7854094498984615,-0.5023309971037779,-0.131063201049986,-0.0915793627351961,-0.3945291595213541
heldout,6,light,blocked_ew,aligned-control,20,,,,,0.11865721705349123
heldout,6,light,blocked_ew,heterogeneity-omitted,20,0.3816997465435279,0.3260672493225116,0.45782516510146143,-0.38881268108834216,0.1394479715450973
heldout,6,light,blocked_ew,rate-and-incident-omitted,20,0.5601842486705252,0.5683018867924529,0.9529207105265541,0.2995759420074618,0.1394479715450973
heldout,6,light,none,aligned-control,20,,,,,0.40180598282058894
heldout,6,light,none,heterogeneity-omitted,20,0.2320754716981132,0.16195885593929576,0.3525429980446066,0.4176688289751061,0.5067669172932331
heldout,6,light,none,rate-and-incident-omitted,20,0.6469481867094807,0.7516932150520006,0.8984201188909797,0.1120100351935586,0.5067669172932331
heldout,6,peak,blocked_ew,aligned-control,20,,,,,0.7693825361789227
heldout,6,peak,blocked_ew,heterogeneity-omitted,20,0.6216644804443678,-0.2896665157396734,-0.5943245871285744,0.44351351792810073,0.15436751364480952
heldout,6,peak,blocked_ew,rate-and-incident-omitted,20,0.327183827700828,-0.5041417091960975,0.02069224981188864,0.3749668461874677,0.15436751364480952
heldout,6,peak,none,aligned-control,20,,,,,0.7566376449760452
heldout,6,peak,none,heterogeneity-omitted,20,0.7842653637572399,0.1753198389460622,-0.3274369821670308,-0.046623442690567556,-0.49604849082708224
heldout,6,peak,none,rate-and-incident-omitted,20,0.7205716944327757,-0.556390977443609,-0.1887927925914684,-0.28105773337293793,-0.49604849082708224
heldout,20,light,blocked_ew,aligned-control,20,,,,,0.5304741908024629
heldout,20,light,blocked_ew,heterogeneity-omitted,20,0.361154492401338,0.37637948028575924,0.39701211039351336,-0.40355682055416264,0.5092140262327653
heldout,20,light,blocked_ew,rate-and-incident-omitted,20,0.7316522911870206,-0.06774558251731673,0.7103087037128014,0.6293239623394312,0.5092140262327653
heldout,20,light,none,aligned-control,20,,,,,0.1443609022556391
heldout,20,light,none,heterogeneity-omitted,20,0.30433075268047693,0.5418906507125657,0.5652870437099049,0.053325043597381494,0.23759398496240602
heldout,20,light,none,rate-and-incident-omitted,20,0.5218539537522602,0.7516932150520006,0.7501883237305752,0.1745083881638775,0.23759398496240602
heldout,20,peak,blocked_ew,aligned-control,20,,,,,0.21240563787872355
heldout,20,peak,blocked_ew,heterogeneity-omitted,20,0.2274954371320564,-0.017325811437209595,-0.1461862196745763,0.1869354882330516,0.06694246430534138
heldout,20,peak,blocked_ew,rate-and-incident-omitted,20,-0.011282437804271019,-0.5633697276932662,0.19699248120300752,0.18513665697760218,0.06694246430534138
heldout,20,peak,none,aligned-control,20,,,,,0.29860852055303966
heldout,20,peak,none,heterogeneity-omitted,20,0.359669025820677,-0.1518796992481203,-0.21954887218045113,-0.1703148764732749,-0.3172932330827068
heldout,20,peak,none,rate-and-incident-omitted,20,0.5894736842105263,-0.34135338345864663,0.43909774436090226,0.37576196961816705,-0.3172932330827068
