series,horizon_ticks,demand_regime,incident_regime,mismatch_regime,error_taxonomy,anchors,share_of_group,fp,fn,tp,tn,gate_pass_rate,coverage_rate,median_mirror_absolute_error,median_alternative_absolute_error,median_estimated_gain,median_reference_gain,median_reference_improvement,median_queue_total,median_queue_imbalance_abs,median_choice_value_loss
calibration,2,light,blocked_ew,aligned-control,low_mirror_low_alternative,60,60.0,0,0,28,32,0.4666666666666667,1.0,0.0,0.0,0.0,0.0,0.0,6.5,3.5,0.0
calibration,2,light,blocked_ew,heterogeneity-omitted,intermediate,24,12.0,0,0,4,20,0.16666666666666666,0.5833333333333334,0.25,0.5,-0.75,-0.5,-0.5,19.0,9.5,0.5
calibration,2,light,blocked_ew,heterogeneity-omitted,low_mirror_low_alternative,36,18.0,0,0,24,12,0.6666666666666666,1.0,0.0,0.0,1.0,1.0,1.0,5.0,3.0,0.0
calibration,2,light,blocked_ew,rate-and-incident-omitted,high_mirror_high_alternative,12,6.0,4,0,4,4,0.6666666666666666,0.3333333333333333,2.0,3.0,3.5,-1.125,-1.125,18.0,8.0,1.125
calibration,2,light,blocked_ew,rate-and-incident-omitted,intermediate,48,24.0,17,19,5,7,0.4583333333333333,0.6458333333333334,2.5,1.0,2.0,0.5,0.5,6.0,3.0,0.0
calibration,2,light,none,aligned-control,low_mirror_low_alternative,60,60.0,0,0,20,40,0.3333333333333333,1.0,0.0,0.0,0.0,0.0,0.0,8.0,4.0,0.0
calibration,2,light,none,heterogeneity-omitted,intermediate,51,25.5,0,6,13,32,0.2549019607843137,0.7647058823529411,0.25,0.25,0.0,-0.25,-0.25,8.0,4.0,0.25
calibration,2,light,none,heterogeneity-omitted,low_mirror_low_alternative,9,4.5,0,0,3,6,0.3333333333333333,1.0,0.0,0.0,0.0,0.0,0.0,7.0,3.0,0.0
calibration,2,light,none,rate-and-incident-omitted,high_mirror_high_alternative,8,4.0,1,0,5,2,0.75,0.125,1.875,2.75,2.75,0.5,0.5,8.0,1.5,0.375
calibration,2,light,none,rate-and-incident-omitted,intermediate,52,26.0,0,8,9,35,0.17307692307692307,0.9807692307692307,1.25,0.625,0.75,-0.125,-0.125,7.0,5.0,0.25
calibration,2,peak,blocked_ew,aligned-control,low_mirror_low_alternative,60,60.0,0,0,6,54,0.1,1.0,0.0,0.0,-1.0,-1.0,-1.0,20.0,6.0,1.0
calibration,2,peak,blocked_ew,heterogeneity-omitted,intermediate,51,25.5,0,0,5,46,0.09803921568627451,0.7058823529411765,0.5,0.5,-0.75,-0.75,-0.75,20.0,7.0,0.75
calibration,2,peak,blocked_ew,heterogeneity-omitted,low_mirror_low_alternative,9,4.5,0,0,1,8,0.1111111111111111,1.0,0.0,0.0,-1.0,-1.0,-1.0,20.0,4.0,1.0
calibration,2,peak,blocked_ew,rate-and-incident-omitted,high_mirror_high_alternative,38,19.0,7,0,3,28,0.2631578947368421,0.5263157894736842,3.0,3.0,2.5,-1.0,-1.0,18.5,6.0,1.0
calibration,2,peak,blocked_ew,rate-and-incident-omitted,intermediate,22,11.0,13,0,3,6,0.7272727272727273,0.13636363636363635,1.5,4.25,3.75,-1.5,-1.5,29.0,15.5,1.5
calibration,2,peak,none,aligned-control,low_mirror_low_alternative,60,60.0,0,0,2,58,0.03333333333333333,1.0,0.0,0.0,-0.5,-0.5,-0.5,20.0,7.5,0.5
calibration,2,peak,none,heterogeneity-omitted,intermediate,51,25.5,0,1,1,49,0.0196078431372549,0.7450980392156863,0.5,0.5,-0.5,-0.5,-0.5,20.0,8.0,0.5
calibration,2,peak,none,heterogeneity-omitted,low_mirror_low_alternative,9,4.5,0,0,1,8,0.1111111111111111,1.0,0.0,0.0,-0.5,-0.5,-0.5,19.0,5.0,0.5
calibration,2,peak,none,rate-and-incident-omitted,high_mirror_high_alternative,28,14.0,0,1,0,27,0.0,1.0,3.25,2.625,2.25,-0.5,-0.5,19.0,6.0,0.5
calibration,2,peak,none,rate-and-incident-omitted,intermediate,32,16.0,0,0,2,30,0.0625,0.9375,1.5,1.25,0.75,-0.5,-0.5,21.5,20.5,0.5
calibration,6,light,blocked_ew,aligned-control,low_mirror_low_alternative,60,60.0,0,0,28,32,0.4666666666666667,1.0,0.0,0.0,0.0,0.0,0.0,6.5,3.5,0.0
calibration,6,light,blocked_ew,heterogeneity-omitted,intermediate,28,14.0,0,0,4,24,0.14285714285714285,0.5,0.37500000000000067,0.5833333333333321,-1.8333333333333321,-1.916666666666666,-1.916666666666666,19.0,9.5,1.916666666666666
calibration,6,light,blocked_ew,heterogeneity-omitted,low_mirror_low_alternative,32,16.0,0,0,24,8,0.75,1.0,0.0,0.0,1.083333333333333,1.083333333333333,1.083333333333333,5.0,3.0,0.0
calibration,6,light,blocked_ew,rate-and-incident-omitted,high_mirror_high_alternative,42,21.0,0,16,3,23,0.07142857142857142,0.6190476190476191,4.333333333333334,2.916666666666667,2.916666666666667,0.0,0.0,8.0,5.0,1.166666666666666
calibration,6,light,blocked_ew,rate-and-incident-omitted,intermediate,18,9.0,5,5,4,4,0.5,0.7222222222222222,2.8333333333333335,1.4166666666666667,2.333333333333333,0.5,0.5,5.0,2.0,0.0
calibration,6,light,none,aligned-control,low_mirror_low_alternative,60,60.0,0,0,15,45,0.25,1.0,0.0,0.0,-1.1666666666666674,-1.1666666666666674,-1.1666666666666674,8.0,4.0,1.1666666666666674
calibration,6,light,none,heterogeneity-omitted,intermediate,60,60.0,0,3,13,44,0.21666666666666667,0.55,0.25,0.25,-1.0,-1.125,-1.125,8.0,4.0,1.125
calibration,6,light,none,rate-and-incident-omitted,high_mirror_high_alternative,19,9.5,0,0,0,19,0.0,1.0,4.333333333333334,2.916666666666666,1.5833333333333321,-1.4166666666666679,-1.4166666666666679,15.0,15.0,1.4166666666666679
calibration,6,light,none,rate-and-incident-omitted,intermediate,41,20.5,2,2,14,23,0.3902439024390244,0.3170731707317073,0.6666666666666667,0.916666666666667,0.5,-0.4166666666666665,-0.4166666666666665,6.0,3.0,0.4166666666666665
calibration,6,peak,blocked_ew,aligned-control,low_mirror_low_alternative,60,60.0,0,0,6,54,0.1,1.0,0.0,0.0,-2.0,-2.0,-2.0,20.0,6.0,2.0
calibration,6,peak,blocked_ew,heterogeneity-omitted,high_mirror_high_alternative,5,1.25,0,0,0,5,0.0,0.2,2.0,2.4999999999999982,-3.666666666666666,-2.166666666666668,-2.166666666666668,18.0,6.0,2.166666666666668
calibration,6,peak,blocked_ew,heterogeneity-omitted,intermediate,53,13.25,0,0,4,49,0.07547169811320754,0.4716981132075472,0.6666666666666679,0.6666666666666679,-2.166666666666666,-2.1666666666666643,-2.1666666666666643,20.0,7.0,2.1666666666666643
calibration,6,peak,blocked_ew,heterogeneity-omitted,low_mirror_high_alternative,1,0.25,0,0,1,0,1.0,0.0,0.0,2.833333333333332,7.0,9.833333333333332,9.833333333333332,19.0,1.0,0.0
calibration,6,peak,blocked_ew,heterogeneity-omitted,low_mirror_low_alternative,1,0.25,0,0,1,0,1.0,1.0,0.0,0.0,6.5,6.5,6.5,11.0,1.0,0.0
calibration,6,peak,blocked_ew,rate-and-incident-omitted,high_mirror_high_alternative,56,28.0,9,0,6,41,0.26785714285714285,0.19642857142857142,5.333333333333332,6.333333333333335,4.5,-2.166666666666668,-2.166666666666668,20.0,7.0,2.166666666666668
calibration,6,peak,blocked_ew,rate-and-incident-omitted,intermediate,4,2.0,4,0,0,0,1.0,0.0,1.166666666666667,4.166666666666668,2.4166666666666674,-1.666666666666667,-1.666666666666667,15.0,1.0,1.666666666666667
calibration,6,peak,none,aligned-control,low_mirror_low_alternative,60,60.0,0,0,2,58,0.03333333333333333,1.0,0.0,0.0,-0.8333333333333339,-0.8333333333333339,-0.8333333333333339,20.0,7.5,0.8333333333333339
calibration,6,peak,none,heterogeneity-omitted,high_mirror_high_alternative,8,4.0,0,0,0,8,0.0,0.5,1.916666666666667,2.041666666666667,-2.583333333333333,-0.9583333333333321,-0.9583333333333321,17.5,4.5,0.9583333333333321
calibration,6,peak,none,heterogeneity-omitted,intermediate,52,26.0,0,0,1,51,0.019230769230769232,0.5769230769230769,0.666666666666667,0.6666666666666679,-1.0833333333333321,-0.9166666666666679,-0.9166666666666679,20.5,8.0,0.9166666666666679
calibration,6,peak,none,rate-and-incident-omitted,high_mirror_high_alternative,58,29.0,10,0,1,47,0.1896551724137931,0.7068965517241379,5.333333333333332,4.625,3.75,-0.9166666666666679,-0.9166666666666679,20.0,7.5,0.9166666666666679
calibration,6,peak,none,rate-and-incident-omitted,intermediate,2,1.0,0,0,0,2,0.0,1.0,2.833333333333332,1.5416666666666679,0.6666666666666661,-0.8750000000000018,-0.8750000000000018,21.5,16.5,0.8750000000000018
calibration,20,light,blocked_ew,aligned-control,low_mirror_low_alternative,60,60.0,0,0,35,25,0.5833333333333334,1.0,0.0,0.0,1.1250000000000004,1.1250000000000004,1.1250000000000004,6.5,3.5,0.0
calibration,20,light,blocked_ew,heterogeneity-omitted,intermediate,27,13.5,0,0,4,23,0.14814814814814814,0.6296296296296297,0.14999999999999858,0.1999999999999993,-0.5750000000000011,-0.45000000000000107,-0.45000000000000107,19,9,0.45000000000000107
calibration,20,light,blocked_ew,heterogeneity-omitted,low_mirror_low_alternative,33,16.5,0,0,31,2,0.9393939393939394,1.0,0.0,0.0,2.4000000000000004,2.4000000000000004,2.4000000000000004,5.0,3.0,0.0
calibration,20,light,blocked_ew,rate-and-incident-omitted,high_mirror_high_alternative,43,14.333333333333334,8,21,14,0,0.5116279069767442,0.813953488372093,5.0,3.3,5.35,1.8499999999999996,1.8499999999999996,5.0,3.0,0.5
calibration,20,light,blocked_ew,rate-and-incident-omitted,intermediate,16,5.333333333333333,16,0,0,0,1.0,0.0,1.1874999999999996,3.9124999999999996,3.475,-0.44999999999999973,-0.44999999999999973,19.0,9.0,0.44999999999999973
calibration,20,light,blocked_ew,rate-and-incident-omitted,low_mirror_high_alternative,1,0.3333333333333333,1,0,0,0,1.0,0.0,0.0,2.45,1.7999999999999998,-0.6500000000000004,-0.6500000000000004,6.0,0.0,0.6500000000000004
calibration,20,light,none,aligned-control,low_mirror_low_alternative,60,60.0,0,0,38,22,0.6333333333333333,1.0,0.0,0.0,0.6750000000000003,0.6750000000000003,0.6750000000000003,8.0,4.0,0.0
calibration,20,light,none,heterogeneity-omitted,intermediate,60,60.0,0,5,34,21,0.5666666666666667,0.3333333333333333,0.08749999999999991,0.17499999999999982,0.5249999999999995,0.7499999999999996,0.7499999999999996,8.0,4.0,0.0
calibration,20,light,none,rate-and-incident-omitted,high_mirror_high_alternative,9,4.5,1,0,8,0,1.0,0.0,2.075,2.4750000000000005,3.6250000000000004,0.9749999999999996,0.9749999999999996,16.0,16.0,0.0
calibration,20,light,none,rate-and-incident-omitted,intermediate,51,25.5,2,0,31,18,0.6470588235294118,0.1568627450980392,0.25,0.5499999999999998,1.2000000000000002,0.6500000000000004,0.6500000000000004,7.0,3.0,0.0
calibration,20,peak,blocked_ew,aligned-control,low_mirror_low_alternative,60,60.0,0,0,6,54,0.1,1.0,0.0,0.0,-5.5,-5.5,-5.5,20.0,6.0,5.5
calibration,20,peak,blocked_ew,heterogeneity-omitted,high_mirror_high_alternative,7,2.3333333333333335,0,0,0,7,0.0,0.2857142857142857,2.5500000000000007,2.8999999999999986,-8.049999999999997,-5.25,-5.25,24.0,10.0,5.25
calibration,20,peak,blocked_ew,heterogeneity-omitted,intermediate,51,17.0,0,0,4,47,0.0784313725490196,0.5490196078431373,0.6499999999999986,0.6000000000000014,-5.149999999999999,-4.799999999999997,-4.799999999999997,19.0,6.0,4.799999999999997
calibration,20,peak,blocked_ew,heterogeneity-omitted,low_mirror_low_alternative,2,0.6666666666666666,0,0,2,0,1.0,1.0,0.0,0.0,14.600000000000001,14.600000000000001,14.600000000000001,12.5,1.5,0.0
calibration,20,peak,blocked_ew,rate-and-incident-omitted,high_mirror_high_alternative,52,26.0,33,0,6,13,0.75,0.11538461538461539,9.600000000000001,14.25,11.3125,-5.05,-5.05,20.5,7.5,5.075
calibration,20,peak,blocked_ew,rate-and-incident-omitted,intermediate,8,4.0,8,0,0,0,1.0,0.0,0.8250000000000002,7.049999999999999,4.175000000000001,-2.8500000000000005,-2.8500000000000005,15.0,1.0,2.8500000000000005
calibration,20,peak,none,aligned-control,low_mirror_low_alternative,60,60.0,0,0,6,54,0.1,1.0,0.0,0.0,-1.25,-1.25,-1.25,20.0,7.5,1.25
calibration,20,peak,none,heterogeneity-omitted,high_mirror_high_alternative,10,5.0,0,0,0,10,0.0,0.5,2.1499999999999995,2.4499999999999984,-3.7749999999999995,-1.0750000000000002,-1.0750000000000002,20.0,8.0,1.0750000000000002
calibration,20,peak,none,heterogeneity-omitted,intermediate,50,25.0,0,2,5,43,0.1,0.66,0.8000000000000007,0.7750000000000004,-1.6624999999999996,-1.1374999999999993,-1.1374999999999993,20.0,7.5,1.1374999999999993
calibration,20,peak,none,rate-and-incident-omitted,high_mirror_high_alternative,51,25.5,26,0,1,24,0.5294117647058824,0.23529411764705882,8.1,10.175,8.825,-1.4249999999999972,-1.4249999999999972,21.0,8.0,1.4249999999999972
calibration,20,peak,none,rate-and-incident-omitted,intermediate,9,4.5,2,0,6,1,0.8888888888888888,0.0,1.25,2.450000000000001,3.5500000000000007,0.8250000000000011,0.8250000000000011,16.0,1.0,0.0
heldout_evaluation,2,light,blocked_ew,aligned-control,low_mirror_low_alternative,60,60.0,0,0,37,23,0.6166666666666667,1.0,0.0,0.0,1.0,1.0,1.0,7.0,4.0,0.0
heldout_evaluation,2,light,blocked_ew,heterogeneity-omitted,intermediate,26,13.0,0,0,10,16,0.38461538461538464,0.38461538461538464,0.25,0.5,-0.125,-0.25,-0.25,18.0,9.5,0.25
heldout_evaluation,2,light,blocked_ew,heterogeneity-omitted,low_mirror_low_alternative,34,17.0,0,0,27,7,0.7941176470588235,1.0,0.0,0.0,1.0,1.0,1.0,6.0,3.5,0.0
heldout_evaluation,2,light,blocked_ew,rate-and-incident-omitted,high_mirror_high_alternative,21,10.5,6,2,11,2,0.8095238095238095,0.5714285714285714,2.5,3.0,3.0,1.0,1.0,7.0,3.0,1.0
heldout_evaluation,2,light,blocked_ew,rate-and-incident-omitted,intermediate,39,19.5,8,20,4,7,0.3076923076923077,0.6666666666666666,3.0,1.0,2.0,1.0,1.0,7.0,5.0,0.0
heldout_evaluation,2,light,none,aligned-control,low_mirror_low_alternative,60,60.0,0,0,23,37,0.38333333333333336,1.0,0.0,0.0,0.0,0.0,0.0,7.0,3.0,0.0
heldout_evaluation,2,light,none,heterogeneity-omitted,intermediate,45,22.5,0,10,13,22,0.28888888888888886,0.6666666666666666,0.25,0.5,0.25,0.25,0.25,7.0,3.0,0.25
heldout_evaluation,2,light,none,heterogeneity-omitted,low_mirror_low_alternative,15,7.5,0,0,6,9,0.4,1.0,0.0,0.0,0.0,0.0,0.0,7.0,4.0,0.0
heldout_evaluation,2,light,none,rate-and-incident-omitted,high_mirror_high_alternative,6,3.0,0,1,5,0,0.8333333333333334,0.3333333333333333,1.75,2.25,2.75,0.5,0.5,7.0,2.5,0.25
heldout_evaluation,2,light,none,rate-and-incident-omitted,intermediate,54,27.0,1,13,10,30,0.2037037037037037,0.9259259259259259,1.5,0.75,0.75,0.0,0.0,7.0,4.0,0.25
heldout_evaluation,2,peak,blocked_ew,aligned-control,low_mirror_low_alternative,60,60.0,0,0,6,54,0.1,1.0,0.0,0.0,-1.0,-1.0,-1.0,22.0,6.0,1.0
heldout_evaluation,2,peak,blocked_ew,heterogeneity-omitted,intermediate,45,22.5,0,0,4,41,0.08888888888888889,0.5555555555555556,0.5,0.5,-0.5,-0.75,-0.75,22.0,6.0,0.75
heldout_evaluation,2,peak,blocked_ew,heterogeneity-omitted,low_mirror_low_alternative,15,7.5,0,0,2,13,0.13333333333333333,1.0,0.0,0.0,-1.0,-1.0,-1.0,22.0,5.0,1.0
heldout_evaluation,2,peak,blocked_ew,rate-and-incident-omitted,high_mirror_high_alternative,44,22.0,8,0,6,30,0.3181818181818182,0.5454545454545454,3.0,3.25,2.5,-1.0,-1.0,20.0,5.0,1.0
heldout_evaluation,2,peak,blocked_ew,rate-and-incident-omitted,intermediate,16,8.0,12,0,0,4,0.75,0.0,1.5,5.75,3.875,-1.5,-1.5,31.5,16.0,1.5
heldout_evaluation,2,peak,none,aligned-control,low_mirror_low_alternative,60,60.0,0,0,2,58,0.03333333333333333,1.0,0.0,0.0,-0.5,-0.5,-0.5,22.0,8.0,0.5
heldout_evaluation,2,peak,none,heterogeneity-omitted,intermediate,45,22.5,0,2,1,42,0.022222222222222223,0.6222222222222222,0.5,0.75,0.0,-0.5,-0.5,22.0,8.0,0.5
heldout_evaluation,2,peak,none,heterogeneity-omitted,low_mirror_low_alternative,15,7.5,0,0,0,15,0.0,1.0,0.0,0.0,-0.5,-0.5,-0.5,22.0,8.0,0.5
heldout_evaluation,2,peak,none,rate-and-incident-omitted,high_mirror_high_alternative,35,17.5,0,1,1,33,0.02857142857142857,0.9714285714285714,3.0,2.5,2.0,-0.5,-0.5,21.0,5.0,0.5
heldout_evaluation,2,peak,none,rate-and-incident-omitted,intermediate,25,12.5,0,0,1,24,0.04,0.96,1.5,1.25,0.75,-0.25,-0.25,24.0,24.0,0.25
heldout_evaluation,6,light,blocked_ew,aligned-control,low_mirror_low_alternative,60,60.0,0,0,37,23,0.6166666666666667,1.0,0.0,0.0,1.166666666666667,1.166666666666667,1.166666666666667,7.0,4.0,0.0
heldout_evaluation,6,light,blocked_ew,heterogeneity-omitted,intermediate,31,15.5,0,0,10,21,0.3225806451612903,0.3870967741935484,0.25,0.41666666666666785,-1.583333333333334,-1.666666666666666,-1.666666666666666,19,10,1.666666666666666
heldout_evaluation,6,light,blocked_ew,heterogeneity-omitted,low_mirror_low_alternative,29,14.5,0,0,27,2,0.9310344827586207,1.0,0.0,0.0,1.666666666666667,1.666666666666667,1.666666666666667,6.0,3.0,0.0
heldout_evaluation,6,light,blocked_ew,rate-and-incident-omitted,high_mirror_high_alternative,50,25.0,0,21,7,22,0.14,0.72,4.916666666666666,2.3333333333333335,3.333333333333333,1.0,1.0,7.5,5.0,0.41666666666666696
heldout_evaluation,6,light,blocked_ew,rate-and-incident-omitted,intermediate,10,5.0,1,1,8,0,0.9,0.9,2.833333333333333,1.4166666666666665,3.333333333333333,1.9999999999999998,1.9999999999999998,5.0,1.0,0.2500000000000002
heldout_evaluation,6,light,none,aligned-control,low_mirror_low_alternative,60,60.0,0,0,12,48,0.2,1.0,0.0,0.0,-1.083333333333333,-1.083333333333333,-1.083333333333333,7.0,3.0,1.083333333333333
heldout_evaluation,6,light,none,heterogeneity-omitted,intermediate,60,60.0,0,2,12,46,0.2,0.55,0.25,0.25,-0.9166666666666663,-1.0,-1.0,7.0,3.0,1.0
heldout_evaluation,6,light,none,rate-and-incident-omitted,high_mirror_high_alternative,20,10.0,0,0,0,20,0.0,1.0,4.291666666666666,3.208333333333333,1.8749999999999991,-1.458333333333333,-1.458333333333333,15.5,15.5,1.458333333333333
heldout_evaluation,6,light,none,rate-and-incident-omitted,intermediate,40,20.0,1,1,13,25,0.35,0.425,0.6666666666666665,0.75,0.5416666666666667,-0.5416666666666667,-0.5416666666666667,6.0,3.0,0.5416666666666667
heldout_evaluation,6,peak,blocked_ew,aligned-control,low_mirror_low_alternative,60,60.0,0,0,6,54,0.1,1.0,0.0,0.0,-2.0,-2.0,-2.0,22.0,6.0,2.0
heldout_evaluation,6,peak,blocked_ew,heterogeneity-omitted,high_mirror_high_alternative,2,0.6666666666666666,0,0,0,2,0.0,1.0,2.333333333333333,1.833333333333333,-4.333333333333333,-2.5,-2.5,17.5,4.5,2.5
heldout_evaluation,6,peak,blocked_ew,heterogeneity-omitted,intermediate,57,19.0,0,0,5,52,0.08771929824561403,0.45614035087719296,0.5,0.6666666666666679,-2.0,-2.0,-2.0,22.0,6.0,2.0
heldout_evaluation,6,peak,blocked_ew,heterogeneity-omitted,low_mirror_low_alternative,1,0.3333333333333333,0,0,1,0,1.0,1.0,0.0,0.0,6.166666666666666,6.166666666666666,6.166666666666666,13.0,1.0,0.0
heldout_evaluation,6,peak,blocked_ew,rate-and-incident-omitted,high_mirror_high_alternative,59,29.5,6,0,6,47,0.2033898305084746,0.23728813559322035,5.583333333333332,6.666666666666666,4.5,-2.0,-2.0,22.0,6.0,2.0
heldout_evaluation,6,peak,blocked_ew,rate-and-incident-omitted,intermediate,1,0.5,1,0,0,0,1.0,0.0,1.666666666666666,5.333333333333332,3.166666666666666,-2.166666666666666,-2.166666666666666,15.0,1.0,2.166666666666666
heldout_evaluation,6,peak,none,aligned-control,low_mirror_low_alternative,60,60.0,0,0,2,58,0.03333333333333333,1.0,0.0,0.0,-0.8333333333333348,-0.8333333333333348,-0.8333333333333348,22.0,8.0,0.8333333333333348
heldout_evaluation,6,peak,none,heterogeneity-omitted,high_mirror_high_alternative,1,0.3333333333333333,0,0,0,1,0.0,1.0,2.333333333333334,2.083333333333334,-3.166666666666666,-1.0833333333333321,-1.0833333333333321,18.0,4.0,1.0833333333333321
heldout_evaluation,6,peak,none,heterogeneity-omitted,intermediate,57,19.0,0,1,1,55,0.017543859649122806,0.5263157894736842,0.6666666666666661,0.5833333333333357,-0.9166666666666679,-0.9166666666666714,-0.9166666666666714,22.0,8.0,0.9166666666666714
heldout_evaluation,6,peak,none,heterogeneity-omitted,low_mirror_low_alternative,2,0.6666666666666666,0,0,0,2,0.0,1.0,0.0,0.0,-0.8333333333333321,-0.8333333333333321,-0.8333333333333321,20.0,4.0,0.8333333333333321
heldout_evaluation,6,peak,none,rate-and-incident-omitted,high_mirror_high_alternative,59,29.5,7,0,1,51,0.13559322033898305,0.7966101694915254,5.749999999999998,5.333333333333332,4.333333333333336,-0.9166666666666714,-0.9166666666666714,22.0,8.0,0.9166666666666714
heldout_evaluation,6,peak,none,rate-and-incident-omitted,intermediate,1,0.5,0,0,1,0,1.0,0.0,1.7499999999999991,1.916666666666667,2.583333333333333,0.6666666666666661,0.6666666666666661,13.0,1.0,0.0
heldout_evaluation,20,light,blocked_ew,aligned-control,low_mirror_low_alternative,60,60.0,0,0,38,22,0.6333333333333333,1.0,0.0,0.0,2.45,2.45,2.45,7.0,4.0,0.0
heldout_evaluation,20,light,blocked_ew,heterogeneity-omitted,intermediate,31,15.5,0,0,10,21,0.3225806451612903,0.45161290322580644,0.125,0.14999999999999947,-0.5,-0.39999999999999947,-0.39999999999999947,19,10,0.39999999999999947
heldout_evaluation,20,light,blocked_ew,heterogeneity-omitted,low_mirror_low_alternative,29,14.5,0,0,28,1,0.9655172413793104,1.0,0.0,0.0,2.75,2.75,2.75,6.0,3.0,0.0
heldout_evaluation,20,light,blocked_ew,rate-and-incident-omitted,high_mirror_high_alternative,45,22.5,8,17,19,1,0.6,0.8222222222222222,5.95,3.8499999999999996,5.75,2.0,2.0,7.0,3.0,0.6500000000000004
heldout_evaluation,20,light,blocked_ew,rate-and-incident-omitted,intermediate,15,7.5,13,0,2,0,1.0,0.13333333333333333,1.5250000000000004,4.675,4.525,-0.39999999999999947,-0.39999999999999947,19,10,0.4499999999999993
heldout_evaluation,20,light,none,aligned-control,low_mirror_low_alternative,60,60.0,0,0,39,21,0.65,1.0,0.0,0.0,0.27500000000000013,0.27500000000000013,0.27500000000000013,7.0,3.0,0.0
heldout_evaluation,20,light,none,heterogeneity-omitted,intermediate,58,29.0,1,2,34,21,0.603448275862069,0.3103448275862069,0.07500000000000018,0.13750000000000018,0.31250000000000044,0.27500000000000013,0.27500000000000013,7.0,3.0,0.0
heldout_evaluation,20,light,none,heterogeneity-omitted,low_mirror_low_alternative,2,1.0,0,0,2,0,1.0,1.0,0.0,0.0,2.375,2.375,2.375,5.5,0.5,0.0
heldout_evaluation,20,light,none,rate-and-incident-omitted,high_mirror_high_alternative,9,4.5,2,0,6,1,0.8888888888888888,0.0,2.375,2.95,3.1499999999999995,0.5749999999999993,0.5749999999999993,16.0,16.0,0.0
heldout_evaluation,20,light,none,rate-and-incident-omitted,intermediate,51,25.5,4,0,32,15,0.7058823529411765,0.1568627450980392,0.25,0.4500000000000002,1.1749999999999998,0.27500000000000036,0.27500000000000036,7.0,3.0,0.0
heldout_evaluation,20,peak,blocked_ew,aligned-control,low_mirror_low_alternative,60,60.0,0,0,6,54,0.1,1.0,0.0,0.0,-5.5,-5.5,-5.5,22.0,6.0,5.5
heldout_evaluation,20,peak,blocked_ew,heterogeneity-omitted,high_mirror_high_alternative,3,1.0,0,0,0,3,0.0,0.6666666666666666,3.3000000000000007,2.799999999999997,-8.8,-6.225000000000001,-6.225000000000001,22.0,7.0,6.225000000000001
heldout_evaluation,20,peak,blocked_ew,heterogeneity-omitted,intermediate,56,18.666666666666668,0,0,5,51,0.08928571428571429,0.5,0.5749999999999993,0.6750000000000043,-5.0125,-4.800000000000001,-4.800000000000001,22.0,6.0,4.800000000000001
heldout_evaluation,20,peak,blocked_ew,heterogeneity-omitted,low_mirror_low_alternative,1,0.3333333333333333,0,0,1,0,1.0,1.0,0.0,0.0,16.699999999999996,16.699999999999996,16.699999999999996,16.0,2.0,0.0
heldout_evaluation,20,peak,blocked_ew,rate-and-incident-omitted,high_mirror_high_alternative,55,27.5,36,0,6,13,0.7636363636363637,0.10909090909090909,9.549999999999999,15.275,12.45,-4.800000000000001,-4.800000000000001,22.0,7.0,4.800000000000001
heldout_evaluation,20,peak,blocked_ew,rate-and-incident-omitted,intermediate,5,2.5,4,0,0,1,0.8,0.0,1.4000000000000004,7.550000000000001,4.1,-4.049999999999999,-4.049999999999999,15.0,1.0,4.049999999999999
heldout_evaluation,20,peak,none,aligned-control,low_mirror_low_alternative,60,60.0,0,0,4,56,0.06666666666666667,1.0,0.0,0.0,-1.0,-1.0,-1.0,22.0,8.0,1.0
heldout_evaluation,20,peak,none,heterogeneity-omitted,high_mirror_high_alternative,3,1.5,0,0,0,3,0.0,0.6666666666666666,3.6750000000000007,3.674999999999999,-5.150000000000002,-1.4250000000000007,-1.4250000000000007,19.0,7.0,1.4250000000000007
heldout_evaluation,20,peak,none,heterogeneity-omitted,intermediate,57,28.5,0,1,4,52,0.07017543859649122,0.45614035087719296,0.6499999999999986,0.6000000000000014,-1.3500000000000014,-1.1750000000000007,-1.1750000000000007,22.0,8.0,1.1750000000000007
heldout_evaluation,20,peak,none,rate-and-incident-omitted,high_mirror_high_alternative,58,29.0,35,0,3,20,0.6551724137931034,0.1896551724137931,9.0125,11.75,10.100000000000001,-1.1999999999999993,-1.1999999999999993,22.0,8.0,1.1999999999999993
heldout_evaluation,20,peak,none,rate-and-incident-omitted,intermediate,2,1.0,0,0,2,0,1.0,0.0,0.6250000000000018,2.4375,6.4750000000000005,4.0375000000000005,4.0375000000000005,14.5,1.5,0.34999999999999964
initial_evaluation,2,light,blocked_ew,aligned-control,low_mirror_low_alternative,60,60.0,0,0,34,26,0.5666666666666667,1.0,0.0,0.0,1.0,1.0,1.0,7.0,4.0,0.0
initial_evaluation,2,light,blocked_ew,heterogeneity-omitted,intermediate,14,7.0,0,0,3,11,0.21428571428571427,0.6428571428571429,0.25,0.5,-0.125,-0.375,-0.375,19.5,10.0,0.375
initial_evaluation,2,light,blocked_ew,heterogeneity-omitted,low_mirror_low_alternative,46,23.0,0,0,31,15,0.6739130434782609,1.0,0.0,0.0,1.0,1.0,1.0,6.0,4.0,0.0
initial_evaluation,2,light,blocked_ew,rate-and-incident-omitted,high_mirror_high_alternative,10,5.0,4,0,5,1,0.9,0.5,2.375,3.0,4.0,0.125,0.125,14.0,5.0,1.0
initial_evaluation,2,light,blocked_ew,rate-and-incident-omitted,intermediate,50,25.0,16,26,3,5,0.38,0.68,3.0,1.0,2.0,1.0,1.0,6.0,4.0,0.0
initial_evaluation,2,light,none,aligned-control,low_mirror_low_alternative,60,60.0,0,0,22,38,0.36666666666666664,1.0,0.0,0.0,0.0,0.0,0.0,7.0,4.0,0.0
initial_evaluation,2,light,none,heterogeneity-omitted,intermediate,33,16.5,0,5,9,19,0.2727272727272727,0.8484848484848485,0.25,0.25,0.0,-0.25,-0.25,7.0,5.0,0.25
initial_evaluation,2,light,none,heterogeneity-omitted,low_mirror_low_alternative,27,13.5,0,0,11,16,0.4074074074074074,1.0,0.0,0.0,0.0,0.0,0.0,7.0,4.0,0.0
initial_evaluation,2,light,none,rate-and-incident-omitted,high_mirror_high_alternative,1,0.5,0,0,1,0,1.0,0.0,2.0,3.5,4.0,0.5,0.5,9.0,3.0,0.5
initial_evaluation,2,light,none,rate-and-incident-omitted,intermediate,59,29.5,2,16,8,33,0.1694915254237288,0.9152542372881356,1.5,0.75,1.0,0.0,0.0,7.0,4.0,0.0
initial_evaluation,2,peak,blocked_ew,aligned-control,low_mirror_low_alternative,60,60.0,0,0,3,57,0.05,1.0,0.0,0.0,-1.0,-1.0,-1.0,21.5,8.0,1.0
initial_evaluation,2,peak,blocked_ew,heterogeneity-omitted,intermediate,33,16.5,0,0,2,31,0.06060606060606061,0.7575757575757576,0.5,0.5,-0.75,-0.75,-0.75,22.0,8.0,0.75
initial_evaluation,2,peak,blocked_ew,heterogeneity-omitted,low_mirror_low_alternative,27,13.5,0,0,1,26,0.037037037037037035,1.0,0.0,0.0,-1.0,-1.0,-1.0,21.0,9.0,1.0
initial_evaluation,2,peak,blocked_ew,rate-and-incident-omitted,high_mirror_high_alternative,42,21.0,5,0,3,34,0.19047619047619047,0.6904761904761905,3.0,3.0,2.0,-1.0,-1.0,20.0,6.5,1.0
initial_evaluation,2,peak,blocked_ew,rate-and-incident-omitted,intermediate,18,9.0,15,0,0,3,0.8333333333333334,0.0,1.5,5.75,4.125,-1.5,-1.5,32.5,19.0,1.5
initial_evaluation,2,peak,none,aligned-control,low_mirror_low_alternative,60,60.0,0,0,2,58,0.03333333333333333,1.0,0.0,0.0,-0.5,-0.5,-0.5,20.0,6.0,0.5
initial_evaluation,2,peak,none,heterogeneity-omitted,intermediate,33,16.5,0,1,1,31,0.030303030303030304,0.8181818181818182,0.5,0.5,-0.25,-0.25,-0.25,20.0,6.0,0.25
initial_evaluation,2,peak,none,heterogeneity-omitted,low_mirror_low_alternative,27,13.5,0,0,1,26,0.037037037037037035,1.0,0.0,0.0,-0.5,-0.5,-0.5,20.0,4.0,0.5
initial_evaluation,2,peak,none,rate-and-incident-omitted,high_mirror_high_alternative,38,19.0,0,1,0,37,0.0,1.0,3.0,2.5,2.0,-0.5,-0.5,18.0,4.0,0.5
initial_evaluation,2,peak,none,rate-and-incident-omitted,intermediate,22,11.0,0,0,2,20,0.09090909090909091,0.9090909090909091,1.5,1.0,1.0,0.0,0.0,23.0,23.0,0.0
initial_evaluation,6,light,blocked_ew,aligned-control,low_mirror_low_alternative,60,60.0,0,0,34,26,0.5666666666666667,1.0,0.0,0.0,1.0,1.0,1.0,7.0,4.0,0.0
initial_evaluation,6,light,blocked_ew,heterogeneity-omitted,intermediate,23,11.5,0,0,4,19,0.17391304347826086,0.5652173913043478,0.33333333333333215,0.33333333333333304,-1.833333333333334,-1.8333333333333321,-1.8333333333333321,20,10,1.8333333333333321
initial_evaluation,6,light,blocked_ew,heterogeneity-omitted,low_mirror_low_alternative,37,18.5,0,0,30,7,0.8108108108108109,1.0,0.0,0.0,1.333333333333333,1.333333333333333,1.333333333333333,6.0,3.0,0.0
initial_evaluation,6,light,blocked_ew,rate-and-incident-omitted,high_mirror_high_alternative,50,25.0,0,19,6,25,0.12,0.66,4.833333333333333,2.333333333333333,3.416666666666667,0.5,0.5,8.0,5.0,0.33333333333333304
initial_evaluation,6,light,blocked_ew,rate-and-incident-omitted,intermediate,10,5.0,1,6,3,0,0.4,0.9,2.833333333333333,1.3333333333333335,2.5,1.0,1.0,5.0,2.0,0.0
initial_evaluation,6,light,none,aligned-control,low_mirror_low_alternative,60,60.0,0,0,13,47,0.21666666666666667,1.0,0.0,0.0,-1.25,-1.25,-1.25,7.0,4.0,1.25
initial_evaluation,6,light,none,heterogeneity-omitted,intermediate,60,60.0,0,2,12,46,0.2,0.5166666666666667,0.16666666666666663,0.16666666666666696,-1.3333333333333335,-1.208333333333333,-1.208333333333333,7.0,4.0,1.208333333333333
initial_evaluation,6,light,none,rate-and-incident-omitted,high_mirror_high_alternative,20,10.0,0,0,0,20,0.0,1.0,4.458333333333333,3.333333333333333,1.541666666666667,-1.5,-1.5,15.0,15.0,1.5
initial_evaluation,6,light,none,rate-and-incident-omitted,intermediate,40,20.0,0,1,13,26,0.325,0.45,0.666666666666667,0.75,-0.1666666666666664,-0.8749999999999998,-0.8749999999999998,6.0,3.0,0.8749999999999998
initial_evaluation,6,peak,blocked_ew,aligned-control,low_mirror_low_alternative,60,60.0,0,0,3,57,0.05,1.0,0.0,0.0,-2.0,-2.0,-2.0,21.5,8.0,2.0
initial_evaluation,6,peak,blocked_ew,heterogeneity-omitted,high_mirror_high_alternative,2,0.6666666666666666,0,0,0,2,0.0,1.0,2.0,1.8333333333333321,-4.0,-2.166666666666668,-2.166666666666668,19.0,8.0,2.166666666666668
initial_evaluation,6,peak,blocked_ew,heterogeneity-omitted,intermediate,55,18.333333333333332,0,0,3,52,0.05454545454545454,0.6909090909090909,0.5,0.5,-1.833333333333334,-1.8333333333333321,-1.8333333333333321,22.0,8.0,1.8333333333333321
initial_evaluation,6,peak,blocked_ew,heterogeneity-omitted,low_mirror_low_alternative,3,1.0,0,0,0,3,0.0,1.0,0.0,0.0,-2.0,-2.0,-2.0,19.0,3.0,2.0
initial_evaluation,6,peak,blocked_ew,rate-and-incident-omitted,high_mirror_high_alternative,59,29.5,5,0,3,51,0.13559322033898305,0.3050847457627119,5.666666666666668,7.0,4.833333333333334,-1.8333333333333357,-1.8333333333333357,22.0,8.0,1.8333333333333357
initial_evaluation,6,peak,blocked_ew,rate-and-incident-omitted,intermediate,1,0.5,1,0,0,0,1.0,0.0,0.8333333333333321,2.833333333333333,1.4999999999999991,-1.333333333333334,-1.333333333333334,12.0,0.0,1.333333333333334
initial_evaluation,6,peak,none,aligned-control,low_mirror_low_alternative,60,60.0,0,0,2,58,0.03333333333333333,1.0,0.0,0.0,-0.8333333333333321,-0.8333333333333321,-0.8333333333333321,20.0,6.0,0.8333333333333321
initial_evaluation,6,peak,none,heterogeneity-omitted,high_mirror_high_alternative,4,1.3333333333333333,0,0,0,4,0.0,1.0,2.0,1.7916666666666652,-2.833333333333332,-1.041666666666667,-1.041666666666667,18.0,3.5,1.041666666666667
initial_evaluation,6,peak,none,heterogeneity-omitted,intermediate,54,18.0,0,0,2,52,0.037037037037037035,0.7037037037037037,0.5,0.4583333333333339,-0.7083333333333339,-0.8333333333333321,-0.8333333333333321,20.0,6.0,0.8333333333333321
initial_evaluation,6,peak,none,heterogeneity-omitted,low_mirror_low_alternative,2,0.6666666666666666,0,0,0,2,0.0,1.0,0.0,0.0,-0.833333333333333,-0.833333333333333,-0.833333333333333,19.0,8.0,0.833333333333333
initial_evaluation,6,peak,none,rate-and-incident-omitted,high_mirror_high_alternative,59,29.5,17,0,1,41,0.3050847457627119,0.6101694915254238,5.249999999999998,5.25,4.666666666666664,-0.8333333333333321,-0.8333333333333321,20.0,6.0,0.8333333333333321
initial_evaluation,6,peak,none,rate-and-incident-omitted,intermediate,1,0.5,0,0,1,0,1.0,1.0,1.25,1.25,2.25,1.0,1.0,10.0,2.0,0.0
initial_evaluation,20,light,blocked_ew,aligned-control,low_mirror_low_alternative,60,60.0,0,0,38,22,0.6333333333333333,1.0,0.0,0.0,2.2249999999999996,2.2249999999999996,2.2249999999999996,7.0,4.0,0.0
initial_evaluation,20,light,blocked_ew,heterogeneity-omitted,intermediate,24,12.0,0,0,4,20,0.16666666666666666,0.5,0.22500000000000053,0.2625000000000002,-0.4875000000000007,-0.4250000000000007,-0.4250000000000007,20.0,10.5,0.4250000000000007
initial_evaluation,20,light,blocked_ew,heterogeneity-omitted,low_mirror_low_alternative,36,18.0,0,0,34,2,0.9444444444444444,1.0,0.0,0.0,2.7000000000000006,2.7000000000000006,2.7000000000000006,5.5,3.0,0.0
initial_evaluation,20,light,blocked_ew,rate-and-incident-omitted,high_mirror_high_alternative,53,26.5,14,22,16,1,0.5660377358490566,0.7358490566037735,5.1,3.8499999999999996,5.699999999999999,1.9000000000000004,1.9000000000000004,6.0,4.0,0.5500000000000007
initial_evaluation,20,light,blocked_ew,rate-and-incident-omitted,intermediate,7,3.5,7,0,0,0,1.0,0.0,1.2249999999999996,4.1,4.1,-0.25,-0.25,19,10,0.25
initial_evaluation,20,light,none,aligned-control,low_mirror_low_alternative,60,60.0,0,0,34,26,0.5666666666666667,1.0,0.0,0.0,0.2999999999999998,0.2999999999999998,0.2999999999999998,7.0,4.0,0.0
initial_evaluation,20,light,none,heterogeneity-omitted,intermediate,58,29.0,1,4,28,25,0.5,0.3103448275862069,0.0625,0.125,0.23749999999999982,0.17499999999999982,0.17499999999999982,7.0,4.0,0.0
initial_evaluation,20,light,none,heterogeneity-omitted,low_mirror_low_alternative,2,1.0,0,0,1,1,0.5,1.0,0.0,0.0,-0.27500000000000036,-0.27500000000000036,-0.27500000000000036,14.5,14.5,0.42500000000000027
initial_evaluation,20,light,none,rate-and-incident-omitted,high_mirror_high_alternative,10,5.0,2,0,7,1,0.9,0.0,2.2375000000000003,2.5375,3.325,0.5625,0.5625,16.0,16.0,0.0
initial_evaluation,20,light,none,rate-and-incident-omitted,intermediate,50,25.0,2,0,26,22,0.56,0.14,0.26249999999999996,0.4624999999999999,0.75,0.08750000000000036,0.08750000000000036,7.0,3.5,0.0
initial_evaluation,20,peak,blocked_ew,aligned-control,low_mirror_low_alternative,60,60.0,0,0,3,57,0.05,1.0,0.0,0.0,-5.5,-5.5,-5.5,21.5,8.0,5.5
initial_evaluation,20,peak,blocked_ew,heterogeneity-omitted,high_mirror_high_alternative,8,4.0,0,0,0,8,0.0,0.5,2.9499999999999993,2.75,-2.549999999999999,-5.600000000000001,-5.600000000000001,21.0,7.5,5.600000000000001
initial_evaluation,20,peak,blocked_ew,heterogeneity-omitted,intermediate,52,26.0,0,0,3,49,0.057692307692307696,0.4807692307692308,0.5999999999999996,0.7999999999999972,-5.6,-5.274999999999999,-5.274999999999999,22.0,8.5,5.274999999999999
initial_evaluation,20,peak,blocked_ew,rate-and-incident-omitted,high_mirror_high_alternative,58,29.0,39,0,3,16,0.7241379310344828,0.06896551724137931,10.099999999999998,16.275,11.2625,-5.299999999999999,-5.299999999999999,22.0,8.5,5.299999999999999
initial_evaluation,20,peak,blocked_ew,rate-and-incident-omitted,intermediate,2,1.0,2,0,0,0,1.0,0.0,0.8500000000000005,5.8999999999999995,3.2,-2.6999999999999993,-2.6999999999999993,13.0,2.0,2.6999999999999993
initial_evaluation,20,peak,none,aligned-control,low_mirror_low_alternative,60,60.0,0,0,14,46,0.23333333333333334,1.0,0.0,0.0,-1.0250000000000012,-1.0250000000000012,-1.0250000000000012,20.0,6.0,1.0250000000000012
initial_evaluation,20,peak,none,heterogeneity-omitted,high_mirror_high_alternative,5,2.5,0,0,0,5,0.0,0.4,2.9499999999999993,2.8999999999999986,1.4000000000000004,-1.6750000000000007,-1.6750000000000007,18.0,8.0,1.6750000000000007
initial_evaluation,20,peak,none,heterogeneity-omitted,intermediate,55,27.5,1,4,9,41,0.18181818181818182,0.45454545454545453,0.5500000000000007,0.6999999999999993,-1.25,-0.9499999999999993,-0.9499999999999993,20.0,4.0,0.9499999999999993
initial_evaluation,20,peak,none,rate-and-incident-omitted,high_mirror_high_alternative,51,25.5,22,0,7,22,0.5686274509803921,0.1568627450980392,7.949999999999999,10.625,8.375,-1.2249999999999996,-1.2249999999999996,21.0,8.0,1.2249999999999996
initial_evaluation,20,peak,none,rate-and-incident-omitted,intermediate,9,4.5,2,0,6,1,0.8888888888888888,0.0,1.5,2.8499999999999996,3.75,0.375,0.375,15.0,2.0,0.0
