collection,run_directory,indexed_by_current_aggregate,experiment_id,timestamp_utc,config_hash,runner_source_hash,manifest_status
matrix,results\matrix\k0-seed1-5bfdbb67358b,True,k0-seed1-5bfdbb67358b,2026-09-14T06:57:45.666647+00:00,b1010dbb3b7af6a1ba7986c054ba6cc389f7fca3f54d6b6dc87cffb8d6739b8b,2a34bc9d99d648b4e3af5aca08a05fe8992d8665d5d41b6b0019f8e108b50dfd,COMPLETE
matrix,results\matrix\k0-seed1-fe0d95370479,False,k0-seed1-fe0d95370479,2026-09-05T18:59:25.717299+00:00,b1010dbb3b7af6a1ba7986c054ba6cc389f7fca3f54d6b6dc87cffb8d6739b8b,2a34bc9d99d648b4e3af5aca08a05fe8992d8665d5d41b6b0019f8e108b50dfd,COMPLETE
matrix,results\matrix\k0-seed2-75790a490230,True,k0-seed2-75790a490230,2026-09-14T06:58:14.944628+00:00,19df80d2b7f7a1ee0d2b3d5d842409573dcf9346a0e5c2370b9ae3ad148572eb,2a34bc9d99d648b4e3af5aca08a05fe8992d8665d5d41b6b0019f8e108b50dfd,COMPLETE
matrix,results\matrix\k0-seed2-b1c4b3c9dfa4,False,k0-seed2-b1c4b3c9dfa4,2026-09-05T19:00:02.952558+00:00,19df80d2b7f7a1ee0d2b3d5d842409573dcf9346a0e5c2370b9ae3ad148572eb,2a34bc9d99d648b4e3af5aca08a05fe8992d8665d5d41b6b0019f8e108b50dfd,COMPLETE
matrix,results\matrix\k0-seed3-52f2c0c284ce,True,k0-seed3-52f2c0c284ce,2026-09-14T06:58:45.573629+00:00,69397da577f6c268c805ccd47dd93fa846a435228f781ed13e815d796ec6a156,2a34bc9d99d648b4e3af5aca08a05fe8992d8665d5d41b6b0019f8e108b50dfd,COMPLETE
matrix,results\matrix\k0-seed3-bb0b396409c3,False,k0-seed3-bb0b396409c3,2026-09-05T19:00:42.105703+00:00,69397da577f6c268c805ccd47dd93fa846a435228f781ed13e815d796ec6a156,2a34bc9d99d648b4e3af5aca08a05fe8992d8665d5d41b6b0019f8e108b50dfd,COMPLETE
matrix,results\matrix\k0-seed4-ce1361cc4242,False,k0-seed4-ce1361cc4242,2026-09-05T19:01:19.717568+00:00,03b0558ce2886f43036c5ef3a8959b36b32e7e3bc3f9edf2c6db22526356eac0,2a34bc9d99d648b4e3af5aca08a05fe8992d8665d5d41b6b0019f8e108b50dfd,COMPLETE
matrix,results\matrix\k0-seed4-fc66673b02d9,True,k0-seed4-fc66673b02d9,2026-09-14T06:59:15.518790+00:00,03b0558ce2886f43036c5ef3a8959b36b32e7e3bc3f9edf2c6db22526356eac0,2a34bc9d99d648b4e3af5aca08a05fe8992d8665d5d41b6b0019f8e108b50dfd,COMPLETE
matrix,results\matrix\k0-seed5-80a1ffe6e95f,True,k0-seed5-80a1ffe6e95f,2026-09-14T06:59:46.004212+00:00,3c08217f959f7f30cc0cc3de8fd99aa28d57258d273e03fc2cc4e74124f9d93f,2a34bc9d99d648b4e3af5aca08a05fe8992d8665d5d41b6b0019f8e108b50dfd,COMPLETE
matrix,results\matrix\k0-seed5-cdb3e6948ec2,False,k0-seed5-cdb3e6948ec2,2026-09-05T19:01:57.780187+00:00,3c08217f959f7f30cc0cc3de8fd99aa28d57258d273e03fc2cc4e74124f9d93f,2a34bc9d99d648b4e3af5aca08a05fe8992d8665d5d41b6b0019f8e108b50dfd,COMPLETE
matrix,results\matrix\k1-seed1-691ce240d4b3,True,k1-seed1-691ce240d4b3,2026-09-14T06:57:46.104195+00:00,3633dd164eaf8a164e445e7b0ca92a6a65422d4453678b4930e4d9a2d5c38020,2a34bc9d99d648b4e3af5aca08a05fe8992d8665d5d41b6b0019f8e108b50dfd,COMPLETE
matrix,results\matrix\k1-seed1-f2956a0d166f,False,k1-seed1-f2956a0d166f,2026-09-05T18:59:26.155479+00:00,3633dd164eaf8a164e445e7b0ca92a6a65422d4453678b4930e4d9a2d5c38020,2a34bc9d99d648b4e3af5aca08a05fe8992d8665d5d41b6b0019f8e108b50dfd,COMPLETE
matrix,results\matrix\k1-seed2-049e51b7b389,True,k1-seed2-049e51b7b389,2026-09-14T06:58:15.286977+00:00,adf7486cd73a41d84b8d7281487bf8b8f4291c7b99bb7293171ca0f56222abfe,2a34bc9d99d648b4e3af5aca08a05fe8992d8665d5d41b6b0019f8e108b50dfd,COMPLETE
matrix,results\matrix\k1-seed2-191004c3d776,False,k1-seed2-191004c3d776,2026-09-05T19:00:03.579605+00:00,adf7486cd73a41d84b8d7281487bf8b8f4291c7b99bb7293171ca0f56222abfe,2a34bc9d99d648b4e3af5aca08a05fe8992d8665d5d41b6b0019f8e108b50dfd,COMPLETE
matrix,results\matrix\k1-seed3-9b57880c9e67,False,k1-seed3-9b57880c9e67,2026-09-05T19:00:42.731047+00:00,2466a965dce25c646520d94ffcac1b1a0a86d506a3700a818f8b85467a652ae1,2a34bc9d99d648b4e3af5aca08a05fe8992d8665d5d41b6b0019f8e108b50dfd,COMPLETE
matrix,results\matrix\k1-seed3-ec5a7a437187,True,k1-seed3-ec5a7a437187,2026-09-14T06:58:45.872854+00:00,2466a965dce25c646520d94ffcac1b1a0a86d506a3700a818f8b85467a652ae1,2a34bc9d99d648b4e3af5aca08a05fe8992d8665d5d41b6b0019f8e108b50dfd,COMPLETE
matrix,results\matrix\k1-seed4-ac9ce8449b54,True,k1-seed4-ac9ce8449b54,2026-09-14T06:59:15.845731+00:00,9833a06d2426370787af15e965fa93a4a4db7942e075202163f72a9980e9a287,2a34bc9d99d648b4e3af5aca08a05fe8992d8665d5d41b6b0019f8e108b50dfd,COMPLETE
matrix,results\matrix\k1-seed4-b647968242da,False,k1-seed4-b647968242da,2026-09-05T19:01:20.372593+00:00,9833a06d2426370787af15e965fa93a4a4db7942e075202163f72a9980e9a287,2a34bc9d99d648b4e3af5aca08a05fe8992d8665d5d41b6b0019f8e108b50dfd,COMPLETE
matrix,results\matrix\k1-seed5-0cc11d065fb1,True,k1-seed5-0cc11d065fb1,2026-09-14T06:59:46.358480+00:00,25941400f85ca803b3f42a43e0b3aec196dcad76373d8d22af3c6b89c5d94818,2a34bc9d99d648b4e3af5aca08a05fe8992d8665d5d41b6b0019f8e108b50dfd,COMPLETE
matrix,results\matrix\k1-seed5-3c010a4a1936,False,k1-seed5-3c010a4a1936,2026-09-05T19:01:58.408201+00:00,25941400f85ca803b3f42a43e0b3aec196dcad76373d8d22af3c6b89c5d94818,2a34bc9d99d648b4e3af5aca08a05fe8992d8665d5d41b6b0019f8e108b50dfd,COMPLETE
matrix,results\matrix\k2-seed1-9f4539cae7c1,True,k2-seed1-9f4539cae7c1,2026-09-14T06:57:59.789240+00:00,02f0861cb476adb8cdbc6ee3bab5e455a25f85855ef8cf52de02136d3d39c77f,2a34bc9d99d648b4e3af5aca08a05fe8992d8665d5d41b6b0019f8e108b50dfd,COMPLETE
matrix,results\matrix\k2-seed1-bbe3b7fc5713,False,k2-seed1-bbe3b7fc5713,2026-09-05T18:59:43.458767+00:00,02f0861cb476adb8cdbc6ee3bab5e455a25f85855ef8cf52de02136d3d39c77f,2a34bc9d99d648b4e3af5aca08a05fe8992d8665d5d41b6b0019f8e108b50dfd,COMPLETE
matrix,results\matrix\k2-seed2-470b7f54b4e8,False,k2-seed2-470b7f54b4e8,2026-09-05T19:00:21.071092+00:00,672b38b27ffc2767873ee6b5d47da36c3be5c5b5da01749197197a5b1d9c0d18,2a34bc9d99d648b4e3af5aca08a05fe8992d8665d5d41b6b0019f8e108b50dfd,COMPLETE
matrix,results\matrix\k2-seed2-ff2b8a37edc5,True,k2-seed2-ff2b8a37edc5,2026-09-14T06:58:30.372463+00:00,672b38b27ffc2767873ee6b5d47da36c3be5c5b5da01749197197a5b1d9c0d18,2a34bc9d99d648b4e3af5aca08a05fe8992d8665d5d41b6b0019f8e108b50dfd,COMPLETE
matrix,results\matrix\k2-seed3-01e3ac1b3800,True,k2-seed3-01e3ac1b3800,2026-09-14T06:58:59.729825+00:00,c5e0edb8072e4e08d9a1d987375df82a52172ed06b529262b3fd7015cd7e2c75,2a34bc9d99d648b4e3af5aca08a05fe8992d8665d5d41b6b0019f8e108b50dfd,COMPLETE
matrix,results\matrix\k2-seed3-1c0b52160579,False,k2-seed3-1c0b52160579,2026-09-05T19:01:00.216438+00:00,c5e0edb8072e4e08d9a1d987375df82a52172ed06b529262b3fd7015cd7e2c75,2a34bc9d99d648b4e3af5aca08a05fe8992d8665d5d41b6b0019f8e108b50dfd,COMPLETE
matrix,results\matrix\k2-seed4-2da4c2ef6e16,False,k2-seed4-2da4c2ef6e16,2026-09-05T19:01:38.269379+00:00,0b36572618e842f293955512f643d8f4a408dca3e7e1eede4637098c746c1685,2a34bc9d99d648b4e3af5aca08a05fe8992d8665d5d41b6b0019f8e108b50dfd,COMPLETE
matrix,results\matrix\k2-seed4-4c52c71d5282,True,k2-seed4-4c52c71d5282,2026-09-14T06:59:30.823433+00:00,0b36572618e842f293955512f643d8f4a408dca3e7e1eede4637098c746c1685,2a34bc9d99d648b4e3af5aca08a05fe8992d8665d5d41b6b0019f8e108b50dfd,COMPLETE
matrix,results\matrix\k2-seed5-631b46c5a530,True,k2-seed5-631b46c5a530,2026-09-14T07:00:00.480066+00:00,3c8982936b9eed6859f52681fc4ebe87ae763e6ea8d228a7153446a527167a8e,2a34bc9d99d648b4e3af5aca08a05fe8992d8665d5d41b6b0019f8e108b50dfd,COMPLETE
matrix,results\matrix\k2-seed5-65cdac64b43e,False,k2-seed5-65cdac64b43e,2026-09-05T19:02:15.998949+00:00,3c8982936b9eed6859f52681fc4ebe87ae763e6ea8d228a7153446a527167a8e,2a34bc9d99d648b4e3af5aca08a05fe8992d8665d5d41b6b0019f8e108b50dfd,COMPLETE
validation,results\validation\biased-sem-7925d2fb77df,True,biased-sem-7925d2fb77df,2026-09-14T07:01:27.644725+00:00,49ef970b011f03dc0638de7ef56bb5bc6af71e34d35128323e6bf598eba8e5ff,2a34bc9d99d648b4e3af5aca08a05fe8992d8665d5d41b6b0019f8e108b50dfd,COMPLETE
validation,results\validation\biased-sem-ee57c67798a2,False,biased-sem-ee57c67798a2,2026-09-05T19:03:22.849653+00:00,49ef970b011f03dc0638de7ef56bb5bc6af71e34d35128323e6bf598eba8e5ff,2a34bc9d99d648b4e3af5aca08a05fe8992d8665d5d41b6b0019f8e108b50dfd,COMPLETE
validation,results\validation\csc-k2-47fcd0d22dcb,False,csc-k2-47fcd0d22dcb,2026-09-05T19:02:55.438134+00:00,ae1f15f0118625cd0b6873b009ee60e53722f99348c06a9758551e969d3f256c,2a34bc9d99d648b4e3af5aca08a05fe8992d8665d5d41b6b0019f8e108b50dfd,COMPLETE
validation,results\validation\csc-k2-fd44a924372a,False,csc-k2-fd44a924372a,2026-09-14T07:01:02.207234+00:00,ae1f15f0118625cd0b6873b009ee60e53722f99348c06a9758551e969d3f256c,2a34bc9d99d648b4e3af5aca08a05fe8992d8665d5d41b6b0019f8e108b50dfd,COMPLETE
validation,results\validation\exact-control-014152c45901,False,exact-control-014152c45901,2026-09-05T19:03:24.336268+00:00,e784b575744b6680e89fa5a8f7516f7f5ceb88b81b8b6ee5112bcc8da9d293d4,2a34bc9d99d648b4e3af5aca08a05fe8992d8665d5d41b6b0019f8e108b50dfd,COMPLETE
validation,results\validation\exact-control-a293497cb2ba,True,exact-control-a293497cb2ba,2026-09-14T07:01:28.996433+00:00,e784b575744b6680e89fa5a8f7516f7f5ceb88b81b8b6ee5112bcc8da9d293d4,2a34bc9d99d648b4e3af5aca08a05fe8992d8665d5d41b6b0019f8e108b50dfd,COMPLETE
validation,results\validation\fault-capture-56f39c2bee54,True,fault-capture-56f39c2bee54,2026-09-14T07:01:16.788089+00:00,0336218eb180fcec3491b2f3ad2272918341143110e1eb11dcc9570ffbd78864,2a34bc9d99d648b4e3af5aca08a05fe8992d8665d5d41b6b0019f8e108b50dfd,COMPLETE
validation,results\validation\fault-capture-e08893ae017e,False,fault-capture-e08893ae017e,2026-09-05T19:03:12.526471+00:00,0336218eb180fcec3491b2f3ad2272918341143110e1eb11dcc9570ffbd78864,2a34bc9d99d648b4e3af5aca08a05fe8992d8665d5d41b6b0019f8e108b50dfd,COMPLETE
validation,results\validation\fault-crash-0579a34b0180,False,fault-crash-0579a34b0180,2026-09-05T19:02:57.643599+00:00,c36d7ee048152d1079c6ce43a933db9733330bf91c4a725310416ba34a137807,2a34bc9d99d648b4e3af5aca08a05fe8992d8665d5d41b6b0019f8e108b50dfd,COMPLETE
validation,results\validation\fault-crash-8387996ac264,True,fault-crash-8387996ac264,2026-09-14T07:01:04.219951+00:00,c36d7ee048152d1079c6ce43a933db9733330bf91c4a725310416ba34a137807,2a34bc9d99d648b4e3af5aca08a05fe8992d8665d5d41b6b0019f8e108b50dfd,COMPLETE
validation,results\validation\fault-delay-2675e6e03b85,True,fault-delay-2675e6e03b85,2026-09-14T07:01:11.911543+00:00,067cac3774e01d4c331106ab99a7ae467a73ba9669a59be290c604772153bd5e,2a34bc9d99d648b4e3af5aca08a05fe8992d8665d5d41b6b0019f8e108b50dfd,COMPLETE
validation,results\validation\fault-delay-bcb8f15e5fc3,False,fault-delay-bcb8f15e5fc3,2026-09-05T19:03:07.936127+00:00,067cac3774e01d4c331106ab99a7ae467a73ba9669a59be290c604772153bd5e,2a34bc9d99d648b4e3af5aca08a05fe8992d8665d5d41b6b0019f8e108b50dfd,COMPLETE
validation,results\validation\fault-drop-2112aa59d25e,True,fault-drop-2112aa59d25e,2026-09-14T07:01:07.795486+00:00,cb284a8aa5559dad19fd277085e56d6ec5d80a73f8ceac05a77d08620dd47aa7,2a34bc9d99d648b4e3af5aca08a05fe8992d8665d5d41b6b0019f8e108b50dfd,COMPLETE
validation,results\validation\fault-drop-a8460616f35d,False,fault-drop-a8460616f35d,2026-09-05T19:03:02.607688+00:00,cb284a8aa5559dad19fd277085e56d6ec5d80a73f8ceac05a77d08620dd47aa7,2a34bc9d99d648b4e3af5aca08a05fe8992d8665d5d41b6b0019f8e108b50dfd,COMPLETE
validation,results\validation\fault-duplicate-3fb9b9e32484,False,fault-duplicate-3fb9b9e32484,2026-09-05T19:03:04.274396+00:00,6ba8f3efdad9f30d5d78d8e1050d1f690bfee314e263c5372b3ce2031b92d4cf,2a34bc9d99d648b4e3af5aca08a05fe8992d8665d5d41b6b0019f8e108b50dfd,COMPLETE
validation,results\validation\fault-duplicate-891b7f1c84e7,True,fault-duplicate-891b7f1c84e7,2026-09-14T07:01:09.157079+00:00,6ba8f3efdad9f30d5d78d8e1050d1f690bfee314e263c5372b3ce2031b92d4cf,2a34bc9d99d648b4e3af5aca08a05fe8992d8665d5d41b6b0019f8e108b50dfd,COMPLETE
validation,results\validation\fault-model_error-0b31d8ffc63c,True,fault-model_error-0b31d8ffc63c,2026-09-14T07:01:13.527325+00:00,689634a63e5e12164ce08fd193c19e6ed0134f7a9864f80977920ad53fc26a7e,2a34bc9d99d648b4e3af5aca08a05fe8992d8665d5d41b6b0019f8e108b50dfd,COMPLETE
validation,results\validation\fault-model_error-9b260ed1c76e,False,fault-model_error-9b260ed1c76e,2026-09-05T19:03:09.681036+00:00,689634a63e5e12164ce08fd193c19e6ed0134f7a9864f80977920ad53fc26a7e,2a34bc9d99d648b4e3af5aca08a05fe8992d8665d5d41b6b0019f8e108b50dfd,COMPLETE
validation,results\validation\fault-none-82623735ba68,True,fault-none-82623735ba68,2026-09-14T07:01:02.393704+00:00,73311feba9dbc0cf5a78b378e87b420caa7d95f14a0cd22ed879b5107fb6c293,2a34bc9d99d648b4e3af5aca08a05fe8992d8665d5d41b6b0019f8e108b50dfd,COMPLETE
validation,results\validation\fault-none-f9c52a9f22a2,False,fault-none-f9c52a9f22a2,2026-09-05T19:02:55.618856+00:00,73311feba9dbc0cf5a78b378e87b420caa7d95f14a0cd22ed879b5107fb6c293,2a34bc9d99d648b4e3af5aca08a05fe8992d8665d5d41b6b0019f8e108b50dfd,COMPLETE
validation,results\validation\fault-reorder-487eb6cd23be,True,fault-reorder-487eb6cd23be,2026-09-14T07:01:10.518681+00:00,3dccb89b81d716200464045c49a7b7ff4bc80be21edf687f3ff63c1ec24b5543,2a34bc9d99d648b4e3af5aca08a05fe8992d8665d5d41b6b0019f8e108b50dfd,COMPLETE
validation,results\validation\fault-reorder-52679c22d31e,False,fault-reorder-52679c22d31e,2026-09-05T19:03:05.980386+00:00,3dccb89b81d716200464045c49a7b7ff4bc80be21edf687f3ff63c1ec24b5543,2a34bc9d99d648b4e3af5aca08a05fe8992d8665d5d41b6b0019f8e108b50dfd,COMPLETE
validation,results\validation\fault-resource_budget-e10ec1d87576,True,fault-resource_budget-e10ec1d87576,2026-09-14T07:01:15.369143+00:00,bb8ff6056e4aa406040dd04bbb0e7f353bdde8dec9f1f8cfd3f2fe2a20bf9b56,2a34bc9d99d648b4e3af5aca08a05fe8992d8665d5d41b6b0019f8e108b50dfd,COMPLETE
validation,results\validation\fault-resource_budget-f6f68372c64f,False,fault-resource_budget-f6f68372c64f,2026-09-05T19:03:11.234273+00:00,bb8ff6056e4aa406040dd04bbb0e7f353bdde8dec9f1f8cfd3f2fe2a20bf9b56,2a34bc9d99d648b4e3af5aca08a05fe8992d8665d5d41b6b0019f8e108b50dfd,COMPLETE
validation,results\validation\fault-timeout-dc5fae396264,False,fault-timeout-dc5fae396264,2026-09-05T19:02:59.993361+00:00,626b89d03056510d0f86c2bb27c4139a2d457f5a0927eaa285957d7abf947385,2a34bc9d99d648b4e3af5aca08a05fe8992d8665d5d41b6b0019f8e108b50dfd,COMPLETE
validation,results\validation\fault-timeout-ef4d15f7153e,True,fault-timeout-ef4d15f7153e,2026-09-14T07:01:05.570866+00:00,626b89d03056510d0f86c2bb27c4139a2d457f5a0927eaa285957d7abf947385,2a34bc9d99d648b4e3af5aca08a05fe8992d8665d5d41b6b0019f8e108b50dfd,COMPLETE
validation,results\validation\fidelity-h2-701b27266ea5,True,fidelity-h2-701b27266ea5,2026-09-14T07:01:19.302508+00:00,df23de0f9649187a292f0423604acb2fa70ee14819e3ba91d603e32935c7b5fd,2a34bc9d99d648b4e3af5aca08a05fe8992d8665d5d41b6b0019f8e108b50dfd,COMPLETE
validation,results\validation\fidelity-h2-e341bc10c364,False,fidelity-h2-e341bc10c364,2026-09-05T19:03:15.217075+00:00,df23de0f9649187a292f0423604acb2fa70ee14819e3ba91d603e32935c7b5fd,2a34bc9d99d648b4e3af5aca08a05fe8992d8665d5d41b6b0019f8e108b50dfd,COMPLETE
validation,results\validation\fidelity-h20-b3cf7b2117a5,False,fidelity-h20-b3cf7b2117a5,2026-09-05T19:03:18.378742+00:00,f56eba197b0d026a03679af0060c0ba52eda47baccab243ae33ead1629e56ff8,2a34bc9d99d648b4e3af5aca08a05fe8992d8665d5d41b6b0019f8e108b50dfd,COMPLETE
validation,results\validation\fidelity-h20-b8021529cb96,True,fidelity-h20-b8021529cb96,2026-09-14T07:01:22.915834+00:00,f56eba197b0d026a03679af0060c0ba52eda47baccab243ae33ead1629e56ff8,2a34bc9d99d648b4e3af5aca08a05fe8992d8665d5d41b6b0019f8e108b50dfd,COMPLETE
validation,results\validation\fidelity-h6-392d3bf96dc1,False,fidelity-h6-392d3bf96dc1,2026-09-05T19:03:16.715539+00:00,db7988cb51636181ac8f67434fff5f3d21a2a357d66f70b1a4e4d6171cbd47e4,2a34bc9d99d648b4e3af5aca08a05fe8992d8665d5d41b6b0019f8e108b50dfd,COMPLETE
validation,results\validation\fidelity-h6-4241f2f68c0e,True,fidelity-h6-4241f2f68c0e,2026-09-14T07:01:20.929792+00:00,db7988cb51636181ac8f67434fff5f3d21a2a357d66f70b1a4e4d6171cbd47e4,2a34bc9d99d648b4e3af5aca08a05fe8992d8665d5d41b6b0019f8e108b50dfd,COMPLETE
validation,results\validation\no-mirror-1679c6539843,True,no-mirror-1679c6539843,2026-09-14T07:01:24.879175+00:00,168c67badd93ddf861b5a1824294cc35789455ae00bd69e73b2f005d195e02e6,2a34bc9d99d648b4e3af5aca08a05fe8992d8665d5d41b6b0019f8e108b50dfd,COMPLETE
validation,results\validation\no-mirror-bbcad179dc8f,False,no-mirror-bbcad179dc8f,2026-09-05T19:03:19.924110+00:00,168c67badd93ddf861b5a1824294cc35789455ae00bd69e73b2f005d195e02e6,2a34bc9d99d648b4e3af5aca08a05fe8992d8665d5d41b6b0019f8e108b50dfd,COMPLETE
validation,results\validation\no-sync-reorder-9b797dc82775,False,no-sync-reorder-9b797dc82775,2026-09-05T19:03:21.262192+00:00,3c344030b6133f5d0495e8f2acf8bc5956b1335d6c5004c033f3dbb959c2969c,2a34bc9d99d648b4e3af5aca08a05fe8992d8665d5d41b6b0019f8e108b50dfd,COMPLETE
validation,results\validation\no-sync-reorder-d63b1a40f68f,True,no-sync-reorder-d63b1a40f68f,2026-09-14T07:01:26.293297+00:00,3c344030b6133f5d0495e8f2acf8bc5956b1335d6c5004c033f3dbb959c2969c,2a34bc9d99d648b4e3af5aca08a05fe8992d8665d5d41b6b0019f8e108b50dfd,COMPLETE
validation,results\validation\two-mirrors-2599107d4b55,True,two-mirrors-2599107d4b55,2026-09-14T07:01:18.051384+00:00,99a6803f2bb34f0beb8064bd51579ef5b81a83e3841e2fa304f975c255d562d4,2a34bc9d99d648b4e3af5aca08a05fe8992d8665d5d41b6b0019f8e108b50dfd,COMPLETE
validation,results\validation\two-mirrors-fee3c6c01ae4,False,two-mirrors-fee3c6c01ae4,2026-09-05T19:03:13.870997+00:00,99a6803f2bb34f0beb8064bd51579ef5b81a83e3841e2fa304f975c255d562d4,2a34bc9d99d648b4e3af5aca08a05fe8992d8665d5d41b6b0019f8e108b50dfd,COMPLETE
