horizon_ticks,demand_regime,incident_regime,mismatch_regime,evaluation_pass,heldout_pass,support_reproduced,evaluation_median_precision,heldout_median_precision,evaluation_median_false_positive_rate,heldout_median_false_positive_rate,evaluation_median_abstention_rate,heldout_median_abstention_rate
2,light,blocked_ew,aligned-control,True,True,True,1.0,1.0,0.0,0.0,0.3333333333333333,0.3333333333333333
2,light,blocked_ew,heterogeneity-omitted,True,True,True,1.0,1.0,0.0,0.0,0.3333333333333333,0.3333333333333333
2,light,blocked_ew,rate-and-incident-omitted,False,False,False,0.0,0.5,1.0,1.0,0.6666666666666666,0.5
2,light,none,aligned-control,True,True,True,1.0,1.0,0.0,0.0,0.6666666666666666,0.6666666666666666
2,light,none,heterogeneity-omitted,True,True,True,1.0,1.0,0.0,0.0,0.6666666666666666,0.6666666666666666
2,light,none,rate-and-incident-omitted,False,True,False,1.0,1.0,0.0,0.0,1.0,0.6666666666666666
2,peak,blocked_ew,aligned-control,False,False,False,1.0,1.0,0.0,0.0,1.0,1.0
2,peak,blocked_ew,heterogeneity-omitted,False,False,False,1.0,1.0,0.0,0.0,1.0,1.0
2,peak,blocked_ew,rate-and-incident-omitted,False,False,False,0.0,0.0,0.3333333333333333,0.3333333333333333,0.6666666666666666,0.6666666666666666
2,peak,none,aligned-control,False,False,False,1.0,1.0,0.0,0.0,1.0,1.0
2,peak,none,heterogeneity-omitted,False,False,False,1.0,1.0,0.0,0.0,1.0,1.0
2,peak,none,rate-and-incident-omitted,False,False,False,1.0,1.0,0.0,0.0,1.0,1.0
6,light,blocked_ew,aligned-control,True,True,True,1.0,1.0,0.0,0.0,0.3333333333333333,0.3333333333333333
6,light,blocked_ew,heterogeneity-omitted,True,True,True,1.0,1.0,0.0,0.0,0.3333333333333333,0.3333333333333333
6,light,blocked_ew,rate-and-incident-omitted,False,True,False,1.0,1.0,0.0,0.0,1.0,0.6666666666666666
6,light,none,aligned-control,True,False,False,1.0,1.0,0.0,0.0,0.6666666666666666,1.0
6,light,none,heterogeneity-omitted,True,False,False,1.0,1.0,0.0,0.0,0.8333333333333333,1.0
6,light,none,rate-and-incident-omitted,True,False,False,1.0,1.0,0.0,0.0,0.6666666666666666,1.0
6,peak,blocked_ew,aligned-control,False,False,False,1.0,1.0,0.0,0.0,1.0,1.0
6,peak,blocked_ew,heterogeneity-omitted,False,False,False,1.0,1.0,0.0,0.0,1.0,1.0
6,peak,blocked_ew,rate-and-incident-omitted,False,False,False,0.0,0.25,0.0,0.0,1.0,0.8333333333333333
6,peak,none,aligned-control,False,False,False,1.0,1.0,0.0,0.0,1.0,1.0
6,peak,none,heterogeneity-omitted,False,False,False,1.0,1.0,0.0,0.0,1.0,1.0
6,peak,none,rate-and-incident-omitted,False,False,False,0.0,0.0,0.3333333333333333,0.0,0.6666666666666666,1.0
20,light,blocked_ew,aligned-control,True,True,True,1.0,1.0,0.0,0.0,0.3333333333333333,0.3333333333333333
20,light,blocked_ew,heterogeneity-omitted,True,True,True,1.0,1.0,0.0,0.0,0.3333333333333333,0.3333333333333333
20,light,blocked_ew,rate-and-incident-omitted,False,False,False,0.5,0.5,1.0,1.0,0.3333333333333333,0.3333333333333333
20,light,none,aligned-control,True,True,True,1.0,1.0,0.0,0.0,0.3333333333333333,0.3333333333333333
20,light,none,heterogeneity-omitted,True,True,True,1.0,1.0,0.0,0.0,0.5,0.3333333333333333
20,light,none,rate-and-incident-omitted,True,True,True,1.0,1.0,0.0,0.0,0.3333333333333333,0.3333333333333333
20,peak,blocked_ew,aligned-control,False,False,False,1.0,1.0,0.0,0.0,1.0,1.0
20,peak,blocked_ew,heterogeneity-omitted,False,False,False,1.0,1.0,0.0,0.0,1.0,1.0
20,peak,blocked_ew,rate-and-incident-omitted,False,False,False,0.0,0.0,0.6666666666666666,0.6666666666666666,0.3333333333333333,0.3333333333333333
20,peak,none,aligned-control,True,False,False,1.0,1.0,0.0,0.0,0.6666666666666666,1.0
20,peak,none,heterogeneity-omitted,False,False,False,1.0,1.0,0.0,0.0,1.0,1.0
20,peak,none,rate-and-incident-omitted,False,False,False,0.41666666666666663,0.0,0.5,0.6666666666666666,0.3333333333333333,0.3333333333333333
