series,horizon_ticks,demand_regime,incident_regime,mismatch_regime,runs,mirror_to_alternative_spearman_rho,mirror_to_alternative_ci_low,mirror_to_alternative_ci_high,margin_to_reference_gain_spearman_rho,margin_to_reference_gain_ci_low,margin_to_reference_gain_ci_high
evaluation,20,peak,blocked_ew,rate-and-incident-omitted,20,0.2656132430398796,-0.21826450979675674,0.6969728970362583,-0.03536494605349753,-0.47027671386019276,0.45288753799392095
evaluation,2,peak,blocked_ew,heterogeneity-omitted,20,0.7655369198736799,0.5703152773430975,0.9023674820383757,0.6007765748099667,-0.030874348558118065,0.9903798215957308
evaluation,2,peak,blocked_ew,rate-and-incident-omitted,20,0.8014711480970946,0.5598070160645683,0.948556960233431,0.3922322702763681,0.0,0.7192300531633893
evaluation,6,peak,none,rate-and-incident-omitted,20,0.5487392183902655,0.11674940879334329,0.8076191062217968,0.10216483835960637,-0.39891912560579756,0.5946197827069657
evaluation,6,peak,blocked_ew,heterogeneity-omitted,20,0.45761115077518066,0.06309443210434194,0.789255714178795,0.5822617873171692,0.1573378468500378,0.821545889206568
evaluation,20,light,none,rate-and-incident-omitted,20,0.22574686727293525,-0.36295688795497216,0.6708099113856565,0.8036117381489842,0.4329507000202043,0.9817073170731707
evaluation,20,peak,none,aligned-control,20,,,,1.0,1.0,1.0
evaluation,6,light,blocked_ew,heterogeneity-omitted,20,,,,1.0,1.0,1.0
evaluation,20,peak,none,rate-and-incident-omitted,20,0.4105263157894737,-0.10166919575113809,0.7543593631539045,0.6243413270400812,0.1712121212121212,0.9022009689317159
evaluation,2,peak,none,rate-and-incident-omitted,20,0.7915964011931137,0.40180309495175365,1.0,0.5725874702041573,0.40384418871065214,0.8235294117647058
evaluation,20,peak,blocked_ew,aligned-control,20,,,,1.0,1.0,1.0
evaluation,2,light,blocked_ew,rate-and-incident-omitted,20,-0.30611677999286036,-0.7534851683941092,0.25302403842552984,0.37817255346409095,-0.1042320332488565,0.7655298027882083
evaluation,6,light,none,rate-and-incident-omitted,20,0.30011327166724183,-0.1653887848205662,0.6666667154869138,0.7616892911010558,0.38390380360177456,0.9136961571979497
evaluation,20,light,blocked_ew,aligned-control,20,,,,1.0,1.0,1.0
evaluation,2,peak,blocked_ew,aligned-control,20,,,,1.0,1.0,1.0
evaluation,2,light,blocked_ew,aligned-control,20,,,,1.0,1.0,1.0
evaluation,20,light,blocked_ew,rate-and-incident-omitted,20,0.6749529668963432,0.2555301296720061,0.9025940535403245,0.3752835513403089,-0.10730318438234845,0.776085300837776
evaluation,6,peak,blocked_ew,aligned-control,20,,,,1.0,1.0,1.0
evaluation,2,light,none,rate-and-incident-omitted,20,0.40575705363689996,-0.05827942282639306,0.7236067197569799,0.5939040658841158,0.1308846890790684,0.9069630128037
evaluation,6,peak,blocked_ew,rate-and-incident-omitted,20,0.6000757700130567,0.14975321607181502,0.8679480351649486,-0.05807431163197068,-0.5123012978606407,0.39703024065553993
evaluation,20,peak,none,heterogeneity-omitted,20,0.8260551536593913,0.6155613570343472,0.9034462473996939,0.5452153893946877,0.10972380656732378,0.8393516561670903
evaluation,20,peak,blocked_ew,heterogeneity-omitted,20,0.543846481875126,0.06836308886516411,0.8415884430300365,0.4351436794336492,-0.013057948750722827,0.7413944549532543
evaluation,6,peak,none,aligned-control,20,,,,1.0,1.0,1.0
evaluation,2,light,blocked_ew,heterogeneity-omitted,20,,,,1.0,1.0,1.0
evaluation,20,light,blocked_ew,heterogeneity-omitted,20,,,,0.9996239894584122,0.9943105929332969,1.0
evaluation,20,light,none,aligned-control,20,,,,1.0,1.0,1.0
evaluation,6,light,none,heterogeneity-omitted,20,0.17627230762369486,-0.2386946214649778,0.5963529452442708,0.8458990450323354,0.5758100583217874,0.9596569697969133
evaluation,2,peak,none,heterogeneity-omitted,20,0.9898734177215189,0.9484163108848706,1.0,0.4230199897270364,-0.2646469820739528,0.8986342198602398
evaluation,2,light,none,aligned-control,20,,,,1.0,1.0,1.0
evaluation,6,peak,none,heterogeneity-omitted,20,0.8100462414165437,0.5678187593022674,0.9359963701386531,0.4602187277922925,-0.02015933739040614,0.7682432248198137
evaluation,2,peak,none,aligned-control,20,,,,1.0,1.0,1.0
evaluation,6,light,blocked_ew,rate-and-incident-omitted,20,0.4179562318935247,-0.1134380467680542,0.8606183091706309,0.5162940369770687,-0.00469433560183644,0.8741348867296671
evaluation,2,light,none,heterogeneity-omitted,20,0.6858724995247526,0.43448635381484635,0.867141702338627,0.8998132069577585,0.7303746234537397,0.9829615838069646
evaluation,20,light,none,heterogeneity-omitted,20,0.18953774632016152,-0.2769704849476243,0.5911215388717759,0.6340730046000312,0.1267175572519084,0.9220183486238532
evaluation,6,light,none,aligned-control,20,,,,1.0,1.0,1.0
evaluation,6,light,blocked_ew,aligned-control,20,,,,1.0,1.0,1.0
heldout,20,peak,blocked_ew,rate-and-incident-omitted,20,-0.011282437804271019,-0.47081122062168307,0.46790736378823433,0.5003766478876874,0.04517622944948436,0.8130699088145896
heldout,2,peak,blocked_ew,heterogeneity-omitted,20,0.49852974374592257,0.021486514053277932,0.8114944341538958,0.47689838350143465,-0.007674400020470052,0.8286393150315827
heldout,2,peak,blocked_ew,rate-and-incident-omitted,20,0.762137775748747,0.47494774303269266,0.9215513551681828,0.113966104037109,-0.3791721067320912,0.5525789639955376
heldout,6,peak,none,rate-and-incident-omitted,20,0.7205716944327757,0.3739097728088024,0.9001903367466599,-0.16226157178630862,-0.6059795859197573,0.3493392324435454
heldout,6,peak,blocked_ew,heterogeneity-omitted,20,0.6216644804443678,0.19232504905022665,0.8760976649174398,0.2324723344759085,-0.25373309103015396,0.6593359496341065
heldout,20,light,none,rate-and-incident-omitted,20,0.5218539537522602,0.19116576936539165,0.7456226621861292,0.8991725645516925,0.6492226481223831,0.9920364763365386
heldout,20,peak,none,aligned-control,20,,,,1.0,1.0,1.0
heldout,6,light,blocked_ew,heterogeneity-omitted,20,0.3816997465435279,0.27690930984749823,0.7254762501100117,0.9996176639126163,0.9942627179989935,1.0
heldout,20,peak,none,rate-and-incident-omitted,20,0.5894736842105263,0.18935361216730037,0.816793893129771,0.40797918365444397,-0.04547206503332456,0.7505827818530318
heldout,2,peak,none,rate-and-incident-omitted,20,0.7854094498984615,0.30548019209639454,1.0,,,
heldout,20,peak,blocked_ew,aligned-control,20,,,,1.0,1.0,1.0
heldout,2,light,blocked_ew,rate-and-incident-omitted,20,-0.014201751459124163,-0.47849783052080286,0.5040576098761669,0.04581424803859232,-0.45687674090053926,0.48360649541197664
heldout,6,light,none,rate-and-incident-omitted,20,0.6469481867094807,0.24237892267223413,0.8588867368856048,0.8893662129720417,0.6605011378308991,0.9698594678192113
heldout,20,light,blocked_ew,aligned-control,20,,,,1.0,1.0,1.0
heldout,2,peak,blocked_ew,aligned-control,20,,,,1.0,1.0,1.0
heldout,2,light,blocked_ew,aligned-control,20,,,,1.0,1.0,1.0
heldout,20,light,blocked_ew,rate-and-incident-omitted,20,0.7316522911870206,0.3482890740907414,0.9352524019602867,0.4126342640212233,-0.18267459826505214,0.8708692966772666
heldout,6,peak,blocked_ew,aligned-control,20,,,,1.0,1.0,1.0
heldout,2,light,none,rate-and-incident-omitted,20,0.35110670405270866,-0.15933856132649277,0.7332775916472423,0.4695296916230453,0.01755230288430936,0.7625409583978346
heldout,6,peak,blocked_ew,rate-and-incident-omitted,20,0.327183827700828,-0.1945646814499815,0.7007994417144983,-0.13432954849141643,-0.6327108388929329,0.4110115184610715
heldout,20,peak,none,heterogeneity-omitted,20,0.359669025820677,-0.14613687413118964,0.7713853141559425,0.23303174047526487,-0.32522946586883456,0.6656481255635275
heldout,20,peak,blocked_ew,heterogeneity-omitted,20,0.2274954371320564,-0.28852783362839235,0.6555260632292959,0.6932263887762138,0.23240817992498106,0.9340309291366276
heldout,6,peak,none,aligned-control,20,,,,1.0,1.0,1.0
heldout,2,light,blocked_ew,heterogeneity-omitted,20,0.3629153731110539,0.25784102555612404,0.6859943405700353,0.9850747410394096,0.927030845672025,1.0
heldout,20,light,blocked_ew,heterogeneity-omitted,20,0.361154492401338,0.2545139051903111,0.6824612990181452,1.0,1.0,1.0
heldout,20,light,none,aligned-control,20,,,,1.0,1.0,1.0
heldout,6,light,none,heterogeneity-omitted,20,0.2320754716981132,-0.21982372329926853,0.6192469067220743,0.9015530239139443,0.6927172290421282,0.97568417226499
heldout,2,peak,none,heterogeneity-omitted,20,0.8703960288288382,0.6182553019359923,0.988448457304757,0.16389785175910812,-0.3356392731532588,0.6283816242284213
heldout,2,light,none,aligned-control,20,,,,1.0,1.0,1.0
heldout,6,peak,none,heterogeneity-omitted,20,0.7842653637572399,0.5432157773271168,0.901558928926458,0.22896735946320845,-0.20117109660385116,0.5734970629581928
heldout,2,peak,none,aligned-control,20,,,,,,
heldout,6,light,blocked_ew,rate-and-incident-omitted,20,0.5601842486705252,0.044840550695783105,0.8591140583444313,0.38427460506753663,-0.14336811002952946,0.8212185864672412
heldout,2,light,none,heterogeneity-omitted,20,0.598127408589158,0.18881067274930377,0.889373967884751,0.7945212279951489,0.5345287174322453,0.9471558960805774
heldout,20,light,none,heterogeneity-omitted,20,0.30433075268047693,-0.206413231358016,0.705076611101897,0.9093644870242441,0.7009452296800865,0.9863117870722433
heldout,6,light,none,aligned-control,20,,,,1.0,1.0,1.0
heldout,6,light,blocked_ew,aligned-control,20,,,,1.0,1.0,1.0
