id,source_type,year,venue_or_publisher,topic,closest_overlap_with_CSC,material_difference,implication_for_CSC,verified_url,doi_or_persistent_id
grieves2017,scholarly_book_chapter,2017,Springer,digital-twin concept,virtual counterpart for complex-system decision support,does not specify CSC's per-decision production/mirror/K branch contract,CSC cannot claim digital-twin motivation or virtual counterpart as novel,https://doi.org/10.1007/978-3-319-38756-7_4,10.1007/978-3-319-38756-7_4
kritzinger2018,peer_reviewed_conference_journal,2018,IFAC-PapersOnLine,digital-twin/digital-shadow taxonomy,defines integration levels including digital shadow,manufacturing taxonomy rather than CSC runtime safety/comparison design,CSC terminology must be positioned carefully and not conflated with this taxonomy,https://doi.org/10.1016/j.ifacol.2018.08.474,10.1016/j.ifacol.2018.08.474
durieux2017,peer_reviewed_conference,2017,ICSE NIER,production shadow traffic,feeds copied production traffic to sandboxed application for live patch regression testing,patch generation/validation rather than alternate controller actions,contradicts broad novelty claim for sandboxed shadow traffic,https://doi.org/10.1109/ICSE-NIER.2017.8,10.1109/ICSE-NIER.2017.8
rubin1974,peer_reviewed_journal,1974,Journal of Educational Psychology,potential outcomes,formal counterfactual causal-effect framing,not an execution architecture,CSC must not equate a modeled alternate trajectory with an observed causal counterfactual,https://doi.org/10.1037/h0037350,10.1037/h0037350
pearl2009,scholarly_monograph,2009,Cambridge University Press,structural causal models,formal counterfactual semantics,not a production runtime,CSC needs explicit causal assumptions for causal language,https://doi.org/10.1017/CBO9780511803161,10.1017/CBO9780511803161
li2011,peer_reviewed_conference,2011,WSDM,offline contextual-bandit evaluation,replay evaluation based on logged interactions,requires a logging/evaluation setup rather than an action-conditioned world model,CSC results are not OPE estimates without its assumptions,https://doi.org/10.1145/1935826.1935878,10.1145/1935826.1935878
jiang2016,peer_reviewed_conference,2016,ICML,doubly-robust OPE,combines model-based and importance-sampling ideas for RL evaluation,does not evaluate isolated live shadow branches,mirror epsilon alone does not provide OPE guarantees,https://proceedings.mlr.press/v48/jiang16.html,PMLR-v48-jiang16
thomas2016,peer_reviewed_conference,2016,ICML,data-efficient OPE,addresses reliability of off-policy value estimates from data,statistical estimator rather than runtime branching,CSC should compare its claims with model/OPE uncertainty rather than call regret factual,https://proceedings.mlr.press/v48/thomasa16.html,PMLR-v48-thomasa16
kubernetesNetworkPolicy,documentation,2026,Kubernetes documentation,network isolation,documents deny/allow policy mechanism relevant to shadow egress,documentation and configuration are not containment evidence,use only as deployment guidance and validate on a cluster,https://kubernetes.io/docs/concepts/services-networking/network-policies/,Kubernetes NetworkPolicy docs
